Emp ID,First Name,Last Name,DOB,SSN,State
Jessica,Sheppard,05/24/70,***-**-4987,RI
Sarah,Rodriguez,07/18/86,***-**-8700,WY
Steven,Parker,09/20/81,***-**-5891,NE
Patricia,Bennett,06/08/84,***-**-0424,LA
Lisa,Mathis,01/27/57,***-**-3247,WI
Dale,Garza,09/01/82,***-**-4719,MI
Jeffrey,Guerra,10/22/83,***-**-9519,VT
Anthony,Martinez,01/16/58,***-**-0874,OR
Jorge,Howard,04/18/82,***-**-0640,KY
Jennifer,Austin,04/10/84,***-**-4858,WA
Calvin,Sosa,02/28/69,***-**-8986,PA
Isaac,Franco,08/29/89,***-**-3428,ND
Norman,Harris,02/10/81,***-**-7233,MN
Becky,Carroll,08/16/92,***-**-3619,TX
Kellie,Montgomery,03/11/70,***-**-8490,ME
Amber,Mullen,05/23/87,***-**-5573,NM
Andrew,Bennett,10/02/88,***-**-5167,OK
Jacob,Taylor,10/16/88,***-**-1835,CA
Gregory,Day,06/07/82,***-**-9482,NV
Danielle,Smith,01/31/72,***-**-3726,AZ
Nathan,Sims,06/29/82,***-**-4681,AK
Lisa,Lawrence,12/19/57,***-**-9699,TN
Kristen,Morales,05/17/63,***-**-4085,SD
Lee,Terry,02/26/65,***-**-3702,ME
Vincent,Williams,03/03/74,***-**-3233,OR
James,Mcfarland,05/29/92,***-**-7711,TX
Arthur,Lawrence,06/11/74,***-**-4845,SC
Randy,Christian,11/01/62,***-**-4642,MT
Ashley,Hurley,08/20/70,***-**-6712,SD
Sarah,Stewart,02/02/69,***-**-1055,IN
Justin,Williams,06/09/76,***-**-4152,WA
Frederick,Sanchez,07/21/78,***-**-8901,OR
Sarah,Baldwin,01/10/64,***-**-3313,SC
John,Larson,03/13/89,***-**-9091,CT
Christina,Nielsen,04/18/57,***-**-4490,SD
Jesse,Jones,02/14/59,***-**-56**,VT
Dorothy,Beltran,11/16/86,***-**-2110,LA
Tammy,Brock,04/24/92,***-**-3729,MN
Melissa,Mitchell,03/25/75,***-**-6449,KS
James,Ramirez,06/09/83,***-**-6140,FL
Benjamin,Long,12/25/71,***-**-4171,ND
William,Shields,06/19/70,***-**-4599,TN
Crystal,Brooks,11/27/62,***-**-4904,NY
Richard,Gilbert,10/11/62,***-**-7467,MO
Beth,Davis,11/17/90,***-**-2566,DE
Tyler,Brown,07/13/64,***-**-0128,ME
Melissa,Duncan,03/20/85,***-**-5735,NH
Alexandra,Berry,04/10/73,***-**-4917,CA
Ashley,Morgan,01/29/57,***-**-5705,ME
Matthew,Beasley,05/30/69,***-**-7294,DE
Angela,Gregory,05/14/80,***-**-1822,AR
Michelle,Smith,05/30/91,***-**-5222,ID
Kristopher,Meyer,04/06/79,***-**-4588,CO
Patrick,Barron,11/25/85,***-**-9394,AK
Mike,Reeves,02/27/63,***-**-8915,GA
Heidi,Bell,07/05/58,***-**-9662,TN
Donald,Young,05/31/91,***-**-9174,ID
Megan,Smith,12/23/89,***-**-9069,NH
Cheryl,Barrera,07/29/75,***-**-3870,OR
Megan,Thomas,07/27/67,***-**-4278,AK
Lisa,Stone,01/02/67,***-**-2423,GA
Reginald,Smith,05/04/76,***-**-0992,VA
Deborah,Ayers,06/05/80,***-**-8040,GA
Steven,Roberts,04/10/80,***-**-1943,WV
Savannah,Smith,01/29/74,***-**-3554,MS
Samantha,Thompson,04/11/58,***-**-8610,TN
Lindsay,Cruz,03/14/70,***-**-9234,MD
Edward,Hamilton,08/06/72,***-**-7328,NE
Michelle,Reed,06/11/91,***-**-3749,CA
Jeffrey,Donaldson,08/22/84,***-**-4075,IA
Brittany,Chavez,07/13/82,***-**-4926,WY
Christopher,Greene,07/15/63,***-**-3700,ME
Robert,Rangel,01/30/63,***-**-5076,MT
Emily,Armstrong,11/10/61,***-**-5902,NH
Beth,Estrada,12/08/57,***-**-4848,NY
Donna,Butler,06/12/63,***-**-3521,ID
Cynthia,Wells,05/26/90,***-**-9753,ID
Steve,Medina,11/10/92,***-**-2125,OH
Sharon,Smith,10/31/73,***-**-8540,SC
Samuel,Velasquez,12/22/73,***-**-7602,MS
Gabrielle,Martinez,12/25/74,***-**-5050,NC
Michelle,Johnson,11/10/90,***-**-3933,NJ
Lauren,Scott,08/23/88,***-**-7641,NV
Brittany,Wagner,01/10/88,***-**-0524,NM
Michael,Romero,11/08/88,***-**-7219,WV
Jason,Kelley,06/16/59,***-**-3807,KS
Brad,Jackson,12/27/85,***-**-9351,ME
Rodney,Jimenez,05/01/76,***-**-2089,IA
Steven,Williams,08/03/72,***-**-1509,HI
Rebecca,Sanders,05/02/70,***-**-7371,ND
Harold,Potts,04/02/60,***-**-7308,MD
Lynn,Cortez,04/20/75,***-**-4492,OH
Stephanie,Sanders,10/27/86,***-**-4035,TN
Tyler,Bridges,07/23/90,***-**-1025,LA
Edward,Jones,09/05/72,***-**-6467,IL
Bruce,Smith,01/21/61,***-**-4804,AZ
Sheila,Bradshaw,10/07/69,***-**-1234,NH
Ernest,Jenkins,11/20/66,***-**-5113,WI
Lisa,Williams,01/21/86,***-**-0753,MS
Anna,Martinez,03/22/77,***-**-1449,ID
Lisa,Diaz,02/21/75,***-**-0151,NY
Amy,May,01/05/74,***-**-4123,NJ
Kathryn,Gibson,01/20/60,***-**-4605,WV
Timothy,Kirby,01/26/72,***-**-5417,OR
John,Chavez,02/14/72,***-**-4233,MI
Spencer,Cole,10/12/93,***-**-3934,NV
Aaron,Klein,03/08/75,***-**-9830,WI
Maxwell,Anderson,09/18/66,***-**-5300,DE
Brian,Schultz,11/02/69,***-**-7839,MA
Heather,Kramer,04/14/59,***-**-2420,IA
Kimberly,Brown,09/16/83,***-**-7936,RI
Justin,Davis,04/30/73,***-**-0965,WY
Evan,Johnson,03/03/67,***-**-8890,TX
Robert,Sanford,09/09/75,***-**-9997,ND
Meagan,Lopez,06/08/76,***-**-7023,MS
Shawn,Lindsey,10/11/82,***-**-9646,KS
Emily,Johnson,10/15/78,***-**-3801,NH
Lance,Chambers,11/06/90,***-**-9888,KS
John,Young,11/22/56,***-**-8229,AL
Marcus,Rogers,06/08/76,***-**-3011,KY
Claudia,King,06/28/75,***-**-9304,NJ
David,Morton,06/24/83,***-**-2468,RI
Christine,Hines,08/18/64,***-**-7354,NJ
Kimberly,Rice,10/13/74,***-**-5904,SD
Joseph,Rose,03/19/65,***-**-3290,RI
Christina,Lynn,10/09/76,***-**-4326,MT
Kirk,Jones,06/29/69,***-**-7998,WI
John,Hughes,10/13/60,***-**-3398,NC
Mariah,Brown,05/08/69,***-**-4973,ME
Anthony,Kelly,08/11/93,***-**-0866,SD
Stephanie,Hamilton,01/27/57,***-**-5919,WV
Antonio,Pitts,08/31/63,***-**-6298,FL
Michael,Rowland,02/07/72,***-**-1666,ID
Barbara,Mitchell,02/08/67,***-**-8486,NC
Lindsey,Knight,10/06/90,***-**-2460,NJ
Kristi,Young,06/19/86,***-**-2756,KS
Martha,Castillo,05/16/64,***-**-7382,SD
Denise,Wilson,10/17/84,***-**-7**0,WV
Michelle,Taylor,12/14/80,***-**-5485,WI
Christine,Miller,11/23/79,***-**-5053,TX
Thomas,Fisher,05/01/59,***-**-5388,HI
Isaac,Mathis,04/22/63,***-**-7781,AZ
Stephanie,Welch,08/07/67,***-**-8938,LA
Chelsea,Lang,11/05/86,***-**-7524,HI
Christopher,Mcguire,07/09/64,***-**-5513,NY
Charles,Heath,11/19/70,***-**-8882,MT
Karen,Mcgee,11/26/61,***-**-0476,VA
Michael,Waller,03/28/61,***-**-3017,TX
Robert,Thompson,12/08/70,***-**-9037,WV
Leslie,Nichols,12/08/70,***-**-3232,MN
Amy,Reed,10/22/63,***-**-1180,NY
Nicole,Harris,01/25/70,***-**-5820,MO
James,Newman,07/02/94,***-**-3909,AR
Tristan,Vasquez,03/30/61,***-**-1028,KS
Robert,Fritz,06/03/66,***-**-3095,DE
Stephen,Foster,07/07/86,***-**-2622,CO
David,Robertson,11/08/85,***-**-2514,MS
Michael,Chang,08/09/83,***-**-84**,NV
Amy,Martinez,08/02/59,***-**-1543,WV
Benjamin,Johnson,04/26/74,***-**-9**2,MO
Anthony,Moore,12/22/59,***-**-1898,IN
Amy,Burns,08/26/60,***-**-6040,TN
Bryan,Nelson,04/11/75,***-**-0949,IL
Bryan,Larsen,10/16/60,***-**-7673,OH
Robert,Barr,03/26/81,***-**-5223,VA
Kathleen,Johnson,04/19/85,***-**-1364,ME
Sean,Conley,08/02/83,***-**-5803,NV
Kirsten,Ho,11/23/74,***-**-6496,ME
Nicholas,Harrison,12/22/58,***-**-5796,NY
Cheyenne,Downs,11/09/66,***-**-0100,RI
Kevin,Manning,04/07/76,***-**-9575,MT
Marie,Novak,09/23/61,***-**-8322,NJ
Derrick,Martin,01/21/59,***-**-7014,NJ
Melissa,King,03/25/58,***-**-3851,OR
Adam,Cherry,09/27/81,***-**-1736,ID
Andrea,Mcneil,04/11/86,***-**-3917,HI
Alison,Torres,01/18/92,***-**-2807,OR
Michelle,Taylor,02/24/86,***-**-9645,MN
Jesus,Young,04/14/66,***-**-4117,IA
Cody,Smith,05/19/58,***-**-1743,GA
Jessica,Collins,11/12/87,***-**-1222,MN
Kyle,Perkins,11/18/66,***-**-9580,MI
Cindy,Sellers,01/14/57,***-**-1112,GA
Casey,Weaver,03/20/91,***-**-6829,SC
Debra,Ford,12/11/71,***-**-4528,MO
Kathleen,Smith,12/31/80,***-**-3766,CO
Alexander,Collins,05/29/84,***-**-9653,SD
Rebecca,Oneal,10/01/75,***-**-7157,SC
Angela,Wilson,12/19/67,***-**-6254,AR
Kelsey,Ramirez,11/22/78,***-**-88**,NC
Ivan,Hill,08/28/68,***-**-0083,OH
Kevin,Lane,05/31/82,***-**-7964,LA
Kevin,Jimenez,05/24/60,***-**-4965,VT
Edward,Hall,02/24/91,***-**-0151,NC
Lisa,Jacobson,12/08/69,***-**-5217,CT
Jeremy,Perez,06/22/90,***-**-**52,TX
Morgan,Rodriguez,02/13/88,***-**-9618,NC
Matthew,Meadows,07/20/74,***-**-5815,ID
Lisa,Stephens,06/22/94,***-**-6572,AZ
William,Wilkerson,11/30/68,***-**-4399,GA
Kristina,Young,09/22/87,***-**-8377,IA
Susan,Reid,06/26/65,***-**-2591,NJ
Elizabeth,Turner,11/25/67,***-**-5101,NC
Whitney,Goodman,02/20/89,***-**-6689,IN
Erica,Thomas,07/29/77,***-**-0938,KS
Hailey,Riggs,04/01/72,***-**-2619,CO
Jeffery,Webster,10/23/59,***-**-3861,TN
Elizabeth,Anderson,04/21/84,***-**-1828,TN
Jessica,Jackson,01/01/85,***-**-4999,MD
Jim,Williams,11/30/73,***-**-4033,DE
Michael,Lane,03/09/67,***-**-2550,TX
Pamela,Guerra,07/31/59,***-**-0796,AK
Scott,Brown,03/28/78,***-**-6997,MT
Alexis,Medina,10/03/74,***-**-2841,MI
Kimberly,Robles,08/25/84,***-**-3199,WV
Joel,Lara,03/06/59,***-**-1980,CT
Chelsea,Rivera,02/14/86,***-**-1067,MI
Brandon,Davis,02/06/59,***-**-9493,NV
George,Summers,09/22/93,***-**-6604,NV
Heather,Martinez,04/08/77,***-**-3793,OK
Sharon,Jones,02/10/86,***-**-0973,ND
Gabriela,Stewart,07/22/87,***-**-4654,WY
Mary,Camacho,08/29/67,***-**-4308,OK
Rebecca,Lewis,12/04/81,***-**-9952,NJ
Michelle,Patel,07/19/59,***-**-1627,IA
Joel,Stanton,11/30/84,***-**-9603,RI
Carly,Robinson,04/07/90,***-**-8685,VA
Jocelyn,Boyd,04/08/76,***-**-3078,CT
Mark,Hayes,11/04/79,***-**-3981,MI
Nicole,Gordon,11/26/74,***-**-2074,KY
Kevin,Cummings,11/10/63,***-**-9813,MA
Brianna,Coleman,06/22/86,***-**-4898,ID
Tamara,Nash,12/10/85,***-**-4178,SC
Rodney,Hart,12/13/75,***-**-2**9,AZ
Steven,Martin,04/03/70,***-**-6426,KY
Denise,Alexander,03/14/92,***-**-1207,OK
Erin,Brown,05/23/80,***-**-5035,WY
Joseph,Schmidt,04/29/94,***-**-7769,IL
Paul,Villa,08/23/73,***-**-4562,NC
Harold,Torres,10/01/82,***-**-9806,WV
William,Richmond,03/29/83,***-**-4633,LA
Mary,Day,02/14/82,***-**-5865,IN
Jennifer,Fuentes,04/14/73,***-**-5121,GA
Brandon,Sanders,12/07/62,***-**-1120,WI
Kathy,Wilson,01/18/67,***-**-1177,MO
Joseph,Ward,08/07/59,***-**-9600,VA
Jessica,Gillespie,03/03/86,***-**-0215,AL
Anthony,Hopkins,08/08/88,***-**-2095,IA
Brittany,Owens,04/21/90,***-**-3729,ME
James,Hunter,04/01/91,***-**-0818,GA
Jason,Soto,03/09/68,***-**-5038,AK
Brandon,Phillips,06/20/86,***-**-2666,AL
Emily,Cox,04/03/73,***-**-1929,NC
Kayla,Reese,12/21/69,***-**-6984,NE
Gavin,Rivera,10/04/72,***-**-6271,SD
Miranda,Mcdonald,11/29/72,***-**-4147,MI
Jerry,Wilson,09/05/62,***-**-6641,IA
Barbara,Oconnor,11/15/82,***-**-9780,WV
Audrey,Moss,01/07/69,***-**-5042,WV
Courtney,Bennett,09/27/87,***-**-4205,IL
James,Rangel,07/10/82,***-**-4627,ME
Samantha,Martin,10/15/88,***-**-1617,LA
Rachel,Neal,04/09/91,***-**-2388,ME
Linda,Brown,06/03/85,***-**-0152,MS
Valerie,Cummings,09/04/69,***-**-3223,WI
Jacqueline,Hoffman,10/23/61,***-**-2618,ID
Miguel,Buck,03/05/85,***-**-6117,WI
Charles,Garrison,07/18/57,***-**-2506,TX
John,Wright,06/10/90,***-**-9753,LA
Amy,Pratt,02/25/88,***-**-1616,AK
Spencer,Clark,02/14/57,***-**-1777,VT
Christopher,Johnson,05/14/75,***-**-0661,OH
Stephanie,Goodwin,03/07/70,***-**-4487,NH
Kimberly,Rasmussen,12/06/81,***-**-5834,NJ
Rachel,Hayes,05/18/83,***-**-3885,OR
Tony,Pitts,12/23/88,***-**-5643,AZ
Joshua,Adams,01/29/76,***-**-5919,OR
Anthony,Smith,03/29/62,***-**-0832,LA
Tiffany,Vargas,12/16/68,***-**-3210,ME
Brian,Fry,11/20/72,***-**-2425,MI
Jesse,Jones,04/11/89,***-**-5926,WV
Mark,Allen,10/17/78,***-**-5259,AZ
Evan,Bryan,12/22/77,***-**-2978,OR
Zoe,Wilson,10/30/89,***-**-9478,VA
Jerome,Burns,06/16/61,***-**-4140,HI
Michael,Roberts,06/19/80,***-**-1994,CA
Jonathan,Marsh,03/11/62,***-**-2496,AL
Amanda,Barrett,12/05/76,***-**-4090,ND
Andrew,Davis,11/23/93,***-**-9582,KS
Audrey,Little,03/13/65,***-**-7930,AL
Scott,Yates,07/16/74,***-**-2195,MN
Charles,Harper,09/15/64,***-**-4143,KY
Gabrielle,Morris,03/28/66,***-**-7804,PA
Rachel,Howard,02/24/80,***-**-8484,WY
Diane,Clark,04/17/72,***-**-4221,SD
Cynthia,Davis,10/26/62,***-**-4868,OR
Cynthia,Cortez,11/06/72,***-**-6986,MA
Jennifer,Bradley,05/22/84,***-**-4366,MI
Austin,Cervantes,08/26/78,***-**-0673,MO
Christopher,Werner,11/06/61,***-**-2052,MI
Joseph,Avila,05/09/71,***-**-6515,IN
Douglas,Saunders,11/24/90,***-**-7909,NE
Robin,Rios,03/25/71,***-**-5116,WY
Matthew,Kirby,04/09/78,***-**-5264,VT
Carol,Jones,09/23/88,***-**-8830,VT
Larry,Cook,10/18/87,***-**-4533,NV
Paul,Taylor,08/27/93,***-**-2129,NM
Charlotte,Townsend,06/15/78,***-**-2012,IA
Andrew,Molina,06/23/59,***-**-9589,IN
Christina,Blevins,03/12/76,***-**-5666,WV
Amy,Nixon,08/26/58,***-**-8968,WV
Lori,Wade,07/25/78,***-**-1684,MN
Cassandra,Knight,06/16/77,***-**-3338,OR
Timothy,Miller,03/25/67,***-**-4271,DE
Matthew,Byrd,11/19/63,***-**-2667,CT
Eric,Cross,11/19/82,***-**-2123,IL
Keith,Fisher,08/08/68,***-**-8435,NH
Brian,Wiley,11/24/90,***-**-7693,PA
Katherine,Cain,09/07/76,***-**-1330,NE
Lisa,Little,12/05/85,***-**-9815,DE
Elizabeth,Martin,05/05/79,***-**-1**6,IL
Kimberly,Rangel,09/16/90,***-**-8213,NJ
Michele,Cameron,10/26/69,***-**-5529,NC
Carolyn,James,09/26/80,***-**-8421,OK
Shannon,Stephens,02/03/82,***-**-1082,OK
Paul,Thomas,08/20/88,***-**-1201,ND
Jennifer,Silva,02/13/84,***-**-2957,NH
Olivia,Price,01/15/91,***-**-3802,NJ
William,Mendoza,01/16/63,***-**-7434,TN
Robert,Hill,12/11/74,***-**-**68,AK
Christopher,Harris,08/12/90,***-**-3876,AZ
Anna,Bradshaw,07/29/67,***-**-9055,IN
Stephanie,Gomez,10/21/77,***-**-9738,AR
Travis,Huber,07/26/91,***-**-0959,NJ
Frederick,Jackson,05/13/92,***-**-1210,NH
Robert,Shaw,01/31/80,***-**-**08,IN
Brianna,Black,04/06/73,***-**-0172,OR
Thomas,Moon,04/24/86,***-**-9313,MO
Cynthia,Brown,08/05/93,***-**-1496,RI
Christopher,Bailey,03/13/57,***-**-8123,IA
Adam,Perkins,07/10/83,***-**-5728,WY
Anita,Gray,01/26/66,***-**-2599,WI
Michelle,Hall,02/04/91,***-**-4844,NY
Matthew,Mcdaniel,06/16/67,***-**-8605,ID
Renee,Freeman,02/13/92,***-**-2091,UT
Donald,Williams,10/28/71,***-**-9180,AK
Karen,Leach,08/20/71,***-**-8595,IL
Andrew,Bailey,03/20/74,***-**-3535,WV
Leslie,Obrien,11/20/80,***-**-6722,HI
Michael,Garcia,10/15/77,***-**-4735,KY
Tina,Hopkins,03/08/73,***-**-4551,AR
Kelsey,Pierce,06/11/59,***-**-5971,UT
John,Robinson,08/18/92,***-**-6499,IA
Sandra,Cooper,01/07/61,***-**-0052,MD
Morgan,Serrano,01/01/67,***-**-8728,TN
Arthur,Jones,12/08/76,***-**-7004,NH
Michele,Kane,03/18/91,***-**-0762,CO
Justin,Chambers,12/11/74,***-**-6828,RI
Victoria,Odonnell,11/15/90,***-**-7860,ID
Robert,Tate,06/19/58,***-**-7912,DE
Kimberly,Harrison,01/22/83,***-**-8825,KS
Madison,Herrera,10/10/94,***-**-7928,NJ
Pamela,Duke,01/29/91,***-**-0016,VT
Michelle,Mahoney,08/24/67,***-**-1696,MD
Emma,Rivera,12/01/68,***-**-2448,MN
Timothy,Kidd,10/16/69,***-**-8122,CO
Robert,Anderson,03/28/60,***-**-8513,AR
Lauren,Christian,04/07/74,***-**-1600,AZ
Robert,Leblanc,08/06/89,***-**-6589,MO
Samuel,Oneill,12/28/69,***-**-1134,RI
Jessica,Davis,07/21/91,***-**-8089,WA
Robert,Hall,06/20/76,***-**-1556,OR
Jimmy,Williams,01/12/66,***-**-3576,ID
Angelica,Stephenson,06/26/89,***-**-2867,UT
Sabrina,Brooks,05/04/63,***-**-6105,WA
Andrew,Scott,04/18/92,***-**-5721,ME
John,Johnson,09/02/70,***-**-4967,MI
Brandon,Lewis,07/17/65,***-**-7154,GA
Brandon,Williams,06/04/67,***-**-1612,SC
Brad,Mullins,01/25/67,***-**-0326,WV
Philip,Murphy,05/23/66,***-**-1846,WV
Justin,Webster,08/29/57,***-**-6035,KY
Tiffany,Brown,04/04/80,***-**-5633,PA
Jeff,Hall,03/10/70,***-**-4574,NJ
Jason,Hernandez,06/19/57,***-**-6120,MS
Patrick,Flores,12/05/81,***-**-5389,TX
Samantha,Arnold,11/29/87,***-**-6311,DE
Jamie,Garcia,05/22/82,***-**-4211,VT
Samantha,Barnes,12/26/67,***-**-5686,CT
Jason,Kelly,08/30/69,***-**-6812,NC
Kimberly,Brown,05/09/66,***-**-7723,NM
Kristen,Lopez,01/26/73,***-**-0026,KS
Megan,Christian,03/09/77,***-**-1901,RI
Brianna,Cole,01/19/69,***-**-1009,WY
Michael,Lee,12/25/85,***-**-8986,IA
Jason,Flores,08/06/82,***-**-7461,ND
Matthew,Conway,01/14/74,***-**-8056,IL
Katie,Chavez,07/22/94,***-**-4583,OH
Michael,Johnson,03/01/81,***-**-8551,AR
Kimberly,Morrison,10/29/66,***-**-2813,NC
Michelle,Lopez,07/24/66,***-**-5544,OH
Willie,Washington,01/06/68,***-**-5431,OH
Timothy,Palmer,12/18/90,***-**-9679,TX
Melvin,Coleman,02/23/89,***-**-1451,NY
Jessica,Mcguire,04/11/78,***-**-4362,AR
Rachael,Dunlap,10/10/81,***-**-1019,VA
James,Oconnor,08/30/81,***-**-3755,ID
Ronald,Koch,01/31/94,***-**-2722,RI
Edward,Johnson,11/15/89,***-**-2991,AR
Julie,King,02/26/86,***-**-6609,NH
Katherine,Vargas,10/05/69,***-**-7601,AZ
Linda,Finley,01/15/65,***-**-5300,SC
Peter,Gardner,10/11/59,***-**-8035,DE
Aaron,Anderson,11/26/76,***-**-6955,MO
Laura,Nichols,04/13/89,***-**-0883,OK
Dale,Watkins,10/26/94,***-**-9944,AR
Kenneth,Smith,07/06/58,***-**-4322,GA
Kristen,Thompson,05/15/61,***-**-7294,KY
Brittany,Short,06/01/75,***-**-4026,MA
Diane,Henson,10/24/87,***-**-8999,DE
Dominic,Alvarado,02/26/89,***-**-8246,NM
Carol,Harris,02/03/58,***-**-1996,PA
Carolyn,Rodriguez,09/30/79,***-**-6457,ME
Virginia,Collins,07/14/81,***-**-9157,NC
James,Green,12/14/83,***-**-0300,MS
James,Hall,08/20/61,***-**-5656,ND
Alexa,Hoffman,02/15/76,***-**-6980,DE
Brittany,Jenkins,07/10/85,***-**-3941,DE
Anthony,Hatfield,04/30/91,***-**-1190,CA
Danielle,Moore,04/20/61,***-**-2190,IN
Stephanie,Hooper,12/13/61,***-**-5031,OH
Dawn,Schmidt,04/28/85,***-**-1921,IL
Teresa,Johnson,08/07/71,***-**-3185,PA
David,Costa,10/01/76,***-**-1318,DE
Thomas,Ryan,02/24/93,***-**-5795,GA
Kaylee,Morris,10/30/58,***-**-6276,NH
Brandon,Ramsey,05/24/83,***-**-9477,OK
Brandi,Smith,12/07/59,***-**-0849,MT
Michael,Kramer,01/07/65,***-**-4739,TX
Jennifer,Collins,08/28/94,***-**-9156,NV
Kathleen,Cordova,12/15/62,***-**-2943,OR
Cheryl,Adams,06/11/58,***-**-5218,OR
Jeff,Myers,09/11/81,***-**-0450,CT
Edwin,Barnes,03/10/63,***-**-4450,OK
Adam,Vaughan,02/16/74,***-**-7162,PA
Brittany,Johnson,01/14/65,***-**-1617,WY
Jennifer,King,05/04/71,***-**-3483,WV
Thomas,Collins,12/23/75,***-**-8157,NJ
Victoria,Lee,04/30/66,***-**-5617,CT
Elizabeth,Hubbard,06/12/59,***-**-2613,IL
Sarah,Zamora,11/13/92,***-**-2194,LA
Melissa,Stewart,07/09/70,***-**-2528,IA
Alexis,Mccoy,03/10/69,***-**-5527,NH
Steven,Phillips,08/04/70,***-**-2964,MT
Alyssa,Evans,03/05/94,***-**-6349,WY
Charlotte,Nelson,12/06/73,***-**-9600,VA
Peter,Harding,06/13/73,***-**-7320,WI
Scott,Hendricks,11/16/74,***-**-1123,NM
Tara,Martinez,08/09/90,***-**-1744,VA
Christopher,Shaw,02/25/89,***-**-2623,UT
Priscilla,Franklin,09/14/75,***-**-0352,AK
Pamela,Rogers,12/31/64,***-**-3578,NC
Steven,Walters,09/02/91,***-**-6866,KY
Emily,Thompson,02/18/90,***-**-2519,AZ
Jason,Peterson,08/20/89,***-**-6448,MI
Bethany,Casey,08/06/69,***-**-1342,MS
John,Ford,11/05/86,***-**-5334,OH
Robert,Levy,06/10/76,***-**-7263,NC
Edward,Peters,06/02/76,***-**-0801,WA
William,Bush,06/21/76,***-**-0131,CT
Duane,Williams,01/27/61,***-**-9445,OK
William,Edwards,06/21/92,***-**-9569,TN
Roger,Wall,04/17/69,***-**-4292,AL
Nancy,Moore,03/09/73,***-**-7870,DE
Deborah,Morales,05/24/63,***-**-7227,CT
Cody,Leon,04/26/92,***-**-9067,MA
Mandy,Greer,11/15/87,***-**-9670,NY
Brenda,Kent,08/09/61,***-**-9315,NY
Jonathan,Ramirez,12/16/81,***-**-8612,NM
Steven,Thompson,01/19/73,***-**-5311,MO
Michael,Monroe,04/18/83,***-**-0960,OR
Samuel,Santos,03/14/90,***-**-2063,OK
Lori,Martinez,11/16/59,***-**-8278,NE
Paul,Green,10/06/75,***-**-3279,AR
Jessica,Harris,01/25/94,***-**-7804,VA
Jacob,Archer,03/13/61,***-**-3018,MO
Amanda,Fisher,03/15/67,***-**-9755,AR
Cynthia,Bonilla,03/23/79,***-**-7002,TN
Clarence,Daniels,08/06/92,***-**-9651,OR
David,Wood,03/22/79,***-**-9249,NC
Matthew,Moore,04/13/91,***-**-4233,WY
Alexandra,Paul,09/30/91,***-**-8532,TX
Kim,Wells,01/13/81,***-**-5644,NM
Thomas,Cortez,08/08/59,***-**-9213,LA
Nicole,Rodriguez,11/28/72,***-**-4951,OK
Katherine,Hernandez,02/08/88,***-**-0837,FL
Allen,Perez,08/24/71,***-**-9596,AZ
Jacob,Martinez,04/16/65,***-**-0313,KS
Jacqueline,Cooper,03/08/63,***-**-9512,DE
Stephanie,Davis,10/17/68,***-**-9170,MT
Cathy,Mcgee,02/03/59,***-**-8652,VT
Margaret,Smith,05/05/68,***-**-7479,SD
Gina,Bauer,08/13/63,***-**-1576,HI
James,Lucero,02/19/61,***-**-9626,AK
Daniel,Morrison,02/11/76,***-**-5212,MA
Vanessa,Rodriguez,10/21/58,***-**-6073,NH
Lauren,Perez,07/03/81,***-**-9578,ME
Alicia,Andrade,02/04/77,***-**-0807,CT
Carlos,Gibson,09/16/62,***-**-6761,WI
Kathryn,Sanchez,03/03/72,***-**-9884,NV
Thomas,Stout,08/27/90,***-**-5841,MS
Nicholas,Rice,04/21/80,***-**-5065,HI
Jamie,Shields,12/19/83,***-**-8**1,OH
Holly,Jones,07/06/58,***-**-4145,GA
Aaron,Jones,09/29/87,***-**-6140,ID
Heidi,Fowler,02/19/64,***-**-4145,RI
Katherine,Benson,12/10/69,***-**-8721,SC
Linda,Robbins,04/21/85,***-**-7171,KY
Joseph,Martin,07/24/87,***-**-3577,MN
Anthony,Burns,02/15/69,***-**-2863,VT
Richard,Hahn,03/06/61,***-**-5875,TN
Jennifer,Romero,08/14/61,***-**-4582,AL
John,Munoz,04/16/91,***-**-5426,CA
Katherine,Maynard,01/14/75,***-**-4906,NJ
Willie,Raymond,05/19/61,***-**-4564,MT
Eric,Aguilar,06/19/60,***-**-8610,WI
Tasha,Marquez,06/19/57,***-**-7993,KY
Howard,Byrd,04/10/86,***-**-5376,MI
David,Cummings,02/13/83,***-**-7451,OR
Jeanette,Kirk,12/28/81,***-**-2769,WV
Melissa,Herman,04/11/88,***-**-7654,WI
Mark,Norris,04/11/76,***-**-4486,MT
Maria,Patterson,02/09/60,***-**-5543,TX
Steven,Smith,03/12/83,***-**-6077,NH
Rose,May,08/29/82,***-**-7332,WY
Christopher,Santiago,04/22/67,***-**-0657,UT
Shannon,Martinez,01/11/92,***-**-2174,AL
Austin,Smith,02/16/64,***-**-4922,WI
Brian,Myers,04/19/61,***-**-8072,FL
Michael,Davis,01/20/87,***-**-5600,NJ
Nicole,Dudley,07/08/67,***-**-2651,AZ
Ashley,Hill,01/03/64,***-**-0671,SC
Adam,Martinez,11/01/91,***-**-2549,NY
Isabella,Carr,10/09/68,***-**-2902,IN
Daniel,Morales,03/21/63,***-**-5432,HI
Andrew,Williams,11/30/86,***-**-6925,ID
Cody,King,07/27/62,***-**-8237,CO
Angela,Gonzales,08/27/66,***-**-8623,MS
Adam,Arnold,11/18/78,***-**-3401,WI
John,Bender,10/07/70,***-**-0475,AR
Megan,Jenkins,11/25/82,***-**-3819,NV
Darren,Frederick,01/24/81,***-**-8624,CT
Karen,Pena,08/05/70,***-**-1440,DE
Marcus,Barnes,10/11/89,***-**-0858,HI
Steven,Williams,09/09/64,***-**-2930,GA
Anna,Anderson,05/18/69,***-**-3943,WA
Patricia,Lucas,03/21/59,***-**-9386,OK
John,Johnson,12/27/88,***-**-6649,MN
Sara,Lam,10/11/70,***-**-9907,IN
Anne,Moore,08/13/59,***-**-6421,MN
Christopher,Shepherd,02/09/74,***-**-5**0,RI
David,Brock,12/08/58,***-**-8176,IA
Tina,Morgan,08/17/86,***-**-6007,KS
Lisa,Terry,10/07/77,***-**-5940,SD
Virginia,Simmons,07/26/82,***-**-2224,FL
Laura,Brooks,12/16/62,***-**-4803,MT
Brian,Miller,08/04/78,***-**-1134,WV
Elizabeth,Adams,07/28/83,***-**-8567,WV
Terri,Bird,06/17/88,***-**-3331,VT
Justin,Sanders,08/10/92,***-**-6990,MN
Tiffany,George,02/06/67,***-**-9311,OR
Travis,Welch,04/18/83,***-**-6679,MA
Jason,Calderon,08/21/88,***-**-1362,SC
Jerry,Osborne,06/12/65,***-**-7056,NY
Kelsey,Gonzalez,05/09/73,***-**-9942,TN
Tonya,Wood,04/29/86,***-**-7162,MS
Michelle,Richards,03/09/60,***-**-7073,NC
Sarah,Craig,07/20/77,***-**-1964,AK
Kyle,Johnson,01/02/66,***-**-6532,HI
Paul,Wilson,10/17/69,***-**-6326,AK
Alyssa,Rodriguez,10/30/58,***-**-9354,MO
Michelle,Woodard,03/25/84,***-**-6544,KS
Thomas,Lindsey,10/16/92,***-**-**38,CA
Kevin,Stewart,11/17/71,***-**-53**,MS
Ronald,Martinez,05/11/78,***-**-0592,WA
Aaron,Hanna,02/06/88,***-**-8006,VA
Elizabeth,Cohen,11/11/87,***-**-2825,ID
Jonathan,Henderson,02/23/70,***-**-6202,LA
Heather,Hernandez,05/18/88,***-**-2975,MN
Laura,Young,12/04/91,***-**-6643,MI
Heidi,Moran,01/23/61,***-**-2555,OK
Sean,Johnson,10/14/89,***-**-3225,NJ
Barbara,Smith,02/06/74,***-**-5229,NY
Jason,Freeman,06/05/60,***-**-3738,ME
Jackie,Cummings,08/19/62,***-**-9255,ME
David,Shelton,07/08/94,***-**-9705,MS
Jeanette,Everett,03/14/84,***-**-8061,NJ
Michael,Martin,01/12/90,***-**-0362,ND
Shelby,Garcia,06/21/92,***-**-9256,SC
Brian,Dudley,03/23/67,***-**-2714,NJ
Andrea,Ramos,08/22/94,***-**-4870,AL
Alexandra,Gray,07/14/72,***-**-2578,AL
Adam,Contreras,02/29/92,***-**-0224,WI
Taylor,Adams,03/07/59,***-**-8505,TN
Mitchell,Thomas,12/20/88,***-**-0577,SD
Courtney,Reid,07/02/61,***-**-9747,MI
Kayla,Mcguire,10/23/68,***-**-3190,IN
Chad,Rodriguez,06/25/60,***-**-09**,KY
Kevin,Garcia,05/17/63,***-**-4908,FL
Daniel,Walker,10/31/85,***-**-8850,NJ
Colton,Ross,08/11/94,***-**-3123,IN
Erica,Smith,10/02/73,***-**-5830,SC
Nicholas,Henry,09/19/80,***-**-9335,IN
Ruth,Reeves,12/11/65,***-**-9922,MD
Gina,Rodriguez,06/07/81,***-**-6047,TX
John,Macdonald,01/28/67,***-**-8496,HI
Michelle,Moreno,09/13/75,***-**-3075,PA
Michael,Farrell,01/11/72,***-**-9728,ND
Lynn,Fox,07/05/72,***-**-9052,VT
James,Williams,09/18/92,***-**-9225,HI
Robert,Williams,07/28/66,***-**-5396,IL
Matthew,Solis,12/21/90,***-**-6541,ID
Anita,Hill,07/28/61,***-**-9891,CA
Mary,Davis,04/19/84,***-**-8228,TN
Kyle,Wood,02/02/66,***-**-0765,FL
Natalie,Carlson,06/24/79,***-**-7026,MD
Scott,Smith,11/25/75,***-**-4104,TX
Jessica,Jones,06/16/86,***-**-3598,OH
Loretta,Vasquez,10/25/66,***-**-0870,SD
Kathryn,Bonilla,08/09/78,***-**-3708,RI
Luke,West,08/14/67,***-**-6228,NC
Thomas,Byrd,09/06/67,***-**-7030,VT
Edwin,Williams,10/29/94,***-**-1359,NE
Steven,Lewis,12/24/80,***-**-1947,MA
Aaron,Bruce,08/01/66,***-**-2115,WV
Leonard,Brown,04/06/69,***-**-6711,CT
Deborah,Jackson,12/10/79,***-**-2438,AL
John,Marshall,04/25/67,***-**-0554,CT
Melissa,Mercado,09/22/94,***-**-7490,TX
Adam,Blackburn,12/08/69,***-**-7922,MO
Daniel,Gibson,09/02/57,***-**-1030,CT
Jessica,Davis,07/23/72,***-**-3297,SC
Johnny,Downs,08/01/84,***-**-**34,CO
Anthony,Simpson,10/15/81,***-**-5784,NM
Patricia,Beard,10/16/83,***-**-7152,PA
Justin,Henry,07/30/92,***-**-2649,GA
Dwayne,Mckee,10/16/73,***-**-2174,ME
Mark,Mendez,05/11/91,***-**-3104,AZ
Ryan,Martin,01/02/83,***-**-5485,CT
Stacey,Joyce,12/06/57,***-**-3672,IN
Sarah,King,02/03/80,***-**-1925,TN
Kathy,Simpson,04/23/74,***-**-0462,AL
Jill,Perry,12/30/83,***-**-3501,IL
Cory,Williams,08/15/88,***-**-0423,IL
Tiffany,Thomas,10/10/71,***-**-8636,KY
Tracy,Goodwin,03/02/79,***-**-2848,SC
Nathaniel,Swanson,12/28/57,***-**-0880,NM
Daniel,Moore,05/10/59,***-**-5676,RI
Shannon,Anderson,06/29/58,***-**-5070,TX
Shaun,Rodriguez,10/07/83,***-**-8987,IN
Cassandra,Blanchard,03/03/77,***-**-6073,ID
Michael,Andersen,09/02/61,***-**-0392,ND
Cindy,Cruz,10/08/76,***-**-5675,MN
Richard,Jones,05/01/86,***-**-2767,OK
Judy,Williamson,11/30/58,***-**-4904,PA
Pamela,Arnold,08/04/94,***-**-0539,NY
Julia,Stuart,05/20/87,***-**-0136,DE
Jessica,Johnson,12/23/59,***-**-6174,CO
Samantha,Gilbert,03/18/61,***-**-2427,UT
Heather,Barton,04/02/73,***-**-0109,NH
Lauren,Guzman,02/22/90,***-**-5246,MD
Tabitha,Salazar,04/15/90,***-**-4140,IN
Jason,Page,09/17/63,***-**-4503,NH
Justin,Simpson,10/16/64,***-**-8212,CO
Richard,Brennan,11/23/87,***-**-3215,AZ
Aaron,Mathis,02/04/57,***-**-1972,KY
Kayla,Green,11/13/72,***-**-3449,SC
Sherry,Medina,02/10/91,***-**-1685,AK
Lee,Smith,03/11/84,***-**-5651,OK
Michael,Rowe,11/15/67,***-**-3860,VT
Keith,Thompson,10/26/82,***-**-2301,MA
Justin,Austin,02/16/89,***-**-2653,KY
John,Rose,08/25/90,***-**-5475,CO
Jason,Bailey,02/10/89,***-**-0094,HI
Christie,Parker,06/10/86,***-**-2928,MA
David,Bell,10/23/77,***-**-4436,MA
Shane,Brown,03/26/58,***-**-4680,NH
Nicholas,Patrick,11/19/91,***-**-8810,CT
Ashley,Heath,03/25/84,***-**-**31,WV
Kathryn,Conrad,07/02/91,***-**-2367,AK
Pamela,Ramirez,06/30/84,***-**-5534,PA
Kristin,Gonzalez,08/04/61,***-**-5453,MI
Paul,Smith,12/13/64,***-**-3289,AZ
Emily,Walters,03/14/84,***-**-8813,RI
Olivia,Jimenez,08/07/77,***-**-6400,ID
Michelle,Richards,09/25/87,***-**-0333,NV
Robert,Stein,08/20/63,***-**-5658,TN
Tanya,Ellis,03/03/79,***-**-3149,DE
Amanda,Cervantes,09/02/78,***-**-6911,KY
John,Pham,11/09/91,***-**-7062,NH
Raymond,Hunter,01/19/81,***-**-5472,MD
Wendy,Garrett,06/23/82,***-**-8**4,SD
Joseph,Brown,09/06/71,***-**-9641,NY
Shawn,Johnson,02/17/69,***-**-5012,WA
Linda,Warner,09/26/59,***-**-0217,NM
Elijah,Padilla,04/21/82,***-**-1696,AK
Jason,Torres,06/05/58,***-**-8830,AL
Christopher,Flores,12/28/59,***-**-0940,SD
Anthony,Ware,02/07/80,***-**-4265,WI
Paul,Hebert,11/11/84,***-**-0581,MS
John,Ballard,01/11/90,***-**-77**,PA
Jeffrey,Fisher,04/04/65,***-**-8585,AZ
David,Vega,10/03/89,***-**-9790,MD
Karen,Horn,03/27/84,***-**-2821,WI
Jermaine,King,08/21/93,***-**-9068,RI
Charles,Weaver,08/11/62,***-**-0697,DE
Anthony,Bean,11/18/66,***-**-6681,AR
Sara,Schultz,08/26/87,***-**-8390,CO
Dustin,Kline,06/06/71,***-**-8783,GA
Kevin,Green,03/15/59,***-**-3626,RI
Alyssa,Hickman,04/19/74,***-**-9953,IL
Shannon,Walker,01/15/78,***-**-4315,NM
Krista,Jackson,04/07/77,***-**-1259,LA
Lawrence,Sutton,10/11/59,***-**-1525,WV
Brady,Vaughn,10/29/83,***-**-7261,VA
Joseph,Rollins,05/17/88,***-**-5638,IL
Joseph,Lopez,11/06/80,***-**-9529,NE
Jennifer,Castro,05/16/76,***-**-9645,HI
David,Mcgee,02/07/58,***-**-9525,ND
Kevin,Reed,04/22/60,***-**-8987,AR
Jennifer,Holloway,01/30/91,***-**-1289,NJ
Troy,Turner,11/05/59,***-**-1685,AZ
Sherry,Trevino,10/24/64,***-**-3646,AK
Bailey,Patel,03/24/85,***-**-9372,IL
Michael,Rivers,10/05/71,***-**-3089,WA
Trevor,Ochoa,08/26/88,***-**-8514,PA
Danielle,Robinson,05/31/60,***-**-8917,SD
Jacob,Jones,04/02/81,***-**-4935,TX
Dorothy,Molina,01/13/65,***-**-7633,SC
Sarah,Calhoun,12/10/72,***-**-5594,VA
Brenda,Zimmerman,05/16/80,***-**-9615,KS
Nina,Banks,05/09/85,***-**-9945,WI
Rebecca,Fox,09/27/88,***-**-3940,MT
Maria,Mckenzie,07/28/74,***-**-8479,NJ
Willie,Hines,05/01/93,***-**-2557,NV
Zachary,Tyler,08/24/66,***-**-6670,UT
Emily,Cochran,12/28/70,***-**-5494,SD
Kayla,Galloway,12/04/61,***-**-9611,AZ
Mary,Walsh,07/09/89,***-**-4428,ND
James,Kirk,03/18/76,***-**-2003,UT
Kelly,Casey,01/22/91,***-**-0409,OK
Travis,Lee,01/16/58,***-**-2949,WA
Jessica,Williams,11/24/81,***-**-4639,KY
Donald,Lawson,10/20/94,***-**-5876,SD
Jodi,Newton,12/28/83,***-**-4224,ID
Taylor,Hernandez,03/20/76,***-**-4749,NE
Christine,Hopkins,10/13/68,***-**-5682,MO
Barbara,Jefferson,04/02/89,***-**-4441,NJ
Kelly,Strickland,06/30/76,***-**-7387,MO
John,Stevens,08/31/75,***-**-2721,ND
Megan,Melendez,11/03/88,***-**-3429,MD
Troy,Ballard,04/25/92,***-**-8211,MA
John,Young,10/08/62,***-**-8187,ME
Joseph,Henderson,06/15/78,***-**-1968,WA
Frank,Williams,12/03/80,***-**-8177,NH
Wesley,Davis,09/28/85,***-**-9388,IN
Jared,Harper,10/07/91,***-**-7767,SD
Joshua,Miller,10/01/73,***-**-3684,MA
Caleb,Rubio,01/06/66,***-**-9678,TX
Yvette,Wyatt,02/11/81,***-**-7673,IL
Veronica,Rodriguez,02/27/94,***-**-0138,ME
Chase,Peters,06/27/89,***-**-0588,MI
Thomas,Curry,01/30/60,***-**-9978,MA
David,Garrett,01/07/57,***-**-0743,TX
Brent,Jones,05/12/68,***-**-40**,WY
Mary,Jones,07/05/60,***-**-1233,OR
Kurt,Calderon,11/22/71,***-**-3640,NM
Jennifer,Stevens,06/27/84,***-**-6438,IA
Michael,Miller,05/21/59,***-**-9413,MD
Rachael,Murphy,05/04/59,***-**-4348,CA
James,Griffith,11/12/70,***-**-7967,VT
Pamela,Ray,04/11/77,***-**-6548,HI
Shawn,Mitchell,07/27/93,***-**-5330,MD
Diane,Wiley,11/09/77,***-**-7369,HI
Matthew,Berry,12/16/59,***-**-2038,HI
Tracy,Davis,09/13/88,***-**-1962,CA
Derek,Hale,11/11/77,***-**-7878,AR
Diane,Shea,03/10/57,***-**-8090,MS
Joseph,Gutierrez,02/16/90,***-**-**91,RI
Andrea,Byrd,08/12/67,***-**-3106,IN
Kathryn,Malone,05/24/70,***-**-1227,MT
Matthew,Wilson,02/24/67,***-**-5058,OH
Vincent,Sloan,10/19/59,***-**-5501,NC
Ashley,Chandler,03/21/80,***-**-1307,AZ
Willie,Jones,01/08/83,***-**-5452,IN
Brett,Thomas,09/01/92,***-**-6916,TX
Cristian,French,12/01/65,***-**-5433,NV
Brenda,Davis,10/17/93,***-**-8713,NE
Jennifer,Gray,12/28/73,***-**-9634,AL
Eric,Bradley,03/02/88,***-**-4231,SC
Thomas,Howell,05/19/77,***-**-8695,HI
Mary,Simpson,02/27/80,***-**-2691,KS
Kelli,Owens,08/28/72,***-**-8002,NY
Charles,Savage,11/09/77,***-**-9402,CA
Christopher,Espinoza,03/21/58,***-**-4243,WI
Clayton,Henderson,06/30/75,***-**-9396,WY
Rachel,Sandoval,11/30/75,***-**-5233,NC
Stephanie,Carpenter,11/01/59,***-**-7041,MO
Natalie,Turner,06/19/91,***-**-3128,CO
Julie,Higgins,11/24/74,***-**-8175,MS
Logan,Briggs,08/18/64,***-**-7519,KY
Jose,Manning,08/12/87,***-**-0989,GA
Tamara,Morris,10/13/61,***-**-3486,WI
Brian,Martinez,09/10/72,***-**-4875,NH
David,Contreras,08/27/94,***-**-7970,TX
Joshua,Graves,01/29/69,***-**-5080,CA
Jennifer,Gilbert,08/25/85,***-**-9467,HI
Kevin,Brock,08/31/74,***-**-6074,KS
Roger,Coleman,09/14/57,***-**-6111,NY
Grant,Patterson,12/24/86,***-**-6784,RI
Kevin,Robinson,12/05/91,***-**-4224,MD
James,Stokes,04/16/71,***-**-0232,CA
David,Johnson,01/08/90,***-**-3708,MI
John,Rivera,01/03/64,***-**-3546,LA
Charles,Bryan,12/04/85,***-**-2171,MD
Alexander,Romero,07/12/75,***-**-1442,VT
Matthew,Knight,05/07/84,***-**-8438,TX
James,Harris,12/20/73,***-**-8140,MT
Richard,Hunt,08/30/83,***-**-49**,MD
Kaitlyn,Reese,05/21/83,***-**-5521,FL
Marissa,Kelly,10/26/74,***-**-7575,ND
Heidi,Shaw,11/13/87,***-**-6968,KY
Alyssa,Armstrong,03/05/92,***-**-0479,AL
Erica,Cole,12/01/71,***-**-7616,RI
David,Johnston,07/31/65,***-**-0677,UT
Katrina,Wiggins,09/14/75,***-**-1378,RI
Benjamin,Long,12/09/76,***-**-7867,RI
Pam,Sanchez,11/21/75,***-**-8018,MN
Lori,Adams,08/06/91,***-**-3803,ID
Julie,Nelson,08/22/72,***-**-5917,GA
Joseph,Steele,04/28/90,***-**-9841,WA
Craig,Wiggins,05/28/62,***-**-7616,TX
Jill,Fox,02/21/65,***-**-3332,PA
Gerald,Wallace,10/17/88,***-**-0638,NE
Michael,Vasquez,11/05/94,***-**-2681,TX
Keith,Thomas,06/18/72,***-**-3051,PA
Gregory,Williams,06/09/57,***-**-2236,NH
John,Daniels,06/07/82,***-**-2845,VT
Susan,Garrison,06/17/67,***-**-8796,NY
Brenda,Gay,01/02/78,***-**-7151,CT
Wyatt,Moreno,03/22/84,***-**-4187,MI
Susan,Turner,04/26/66,***-**-2571,UT
Denise,Martin,05/11/82,***-**-2489,IN
Erica,Ryan,08/13/82,***-**-8369,MD
Monica,Hawkins,02/26/58,***-**-2444,WV
Brenda,Freeman,01/11/94,***-**-2578,AZ
James,Walker,01/16/90,***-**-1799,VA
Mark,Gordon,09/20/87,***-**-5608,NY
Joseph,Cummings,08/11/71,***-**-3554,NH
Andrea,Fitzgerald,12/04/90,***-**-5882,MA
Vanessa,Petersen,05/17/66,***-**-8659,PA
Jessica,Moore,03/27/58,***-**-0396,IA
Ryan,Moreno,07/25/74,***-**-2902,GA
Tony,Banks,09/15/91,***-**-7821,MN
Christina,Marshall,04/07/66,***-**-6940,IA
Andrew,Sutton,01/18/83,***-**-2345,HI
Tom,Mayer,02/09/86,***-**-3480,VT
Cassandra,Gordon,02/21/84,***-**-2243,NY
Cameron,Silva,06/11/80,***-**-7963,MA
Cheryl,Flores,08/13/86,***-**-5566,DE
Jennifer,Newman,04/05/64,***-**-3067,NE
Peter,Miller,06/27/68,***-**-5656,OK
Ashley,Smith,03/17/90,***-**-1428,NE
Brianna,Brown,06/28/88,***-**-3009,AL
Peter,Hansen,07/27/80,***-**-4935,RI
Jimmy,Hunter,12/11/88,***-**-2553,ID
Angela,Randall,12/03/82,***-**-3666,NY
Brandon,Gomez,04/30/80,***-**-9117,CO
Shawn,Smith,06/11/76,***-**-3742,NH
Marcus,Garza,04/01/60,***-**-3499,TN
Amber,White,03/27/67,***-**-8793,LA
Ashley,Shepard,07/24/72,***-**-2653,OH
Maurice,Palmer,09/11/80,***-**-6048,LA
Richard,Ward,09/15/59,***-**-4384,MO
Robert,Bailey,06/22/80,***-**-0849,CO
Jose,Dodson,01/12/69,***-**-2007,NC
Jeanette,Hart,10/22/65,***-**-4052,NJ
John,Shepard,07/11/75,***-**-7873,NH
Jennifer,Stafford,11/19/78,***-**-3340,WV
Jenny,Morgan,10/02/92,***-**-3732,KS
Jill,Haynes,03/15/79,***-**-9789,NY
Matthew,Aguirre,04/06/81,***-**-3346,NM
Joshua,King,01/04/94,***-**-3279,VA
Vincent,Howard,05/11/72,***-**-3520,MD
Kimberly,Acevedo,09/04/68,***-**-1279,MA
Cameron,Griffith,01/09/86,***-**-0633,MA
Angela,Love,03/12/74,***-**-7067,KS
Larry,Roach,07/13/71,***-**-2498,VA
Kimberly,Fleming,04/09/85,***-**-6799,IA
Vanessa,Wells,09/14/93,***-**-3702,NV
Brenda,Russell,10/24/83,***-**-1775,MD
Julia,Reynolds,07/10/69,***-**-5553,ID
Scott,Kane,08/16/69,***-**-9499,WV
Jenny,Thompson,12/29/88,***-**-5801,SD
Robert,Castro,04/20/77,***-**-6975,MI
James,Miller,08/12/66,***-**-2119,ME
Audrey,Murphy,07/12/62,***-**-8969,ID
Dana,Cox,01/12/80,***-**-4163,UT
Kiara,Riley,06/12/88,***-**-6560,KS
Isabella,Marshall,01/11/57,***-**-9744,WA
Amanda,Wright,12/05/73,***-**-7528,TX
Nicholas,Weaver,03/22/76,***-**-4980,AL
Erin,Snyder,02/24/76,***-**-9700,NC
Donna,Bolton,06/16/90,***-**-6047,AZ
Brittany,Murphy,01/05/85,***-**-0297,MT
Cynthia,Roberts,03/08/69,***-**-9922,GA
Steven,Russell,03/21/74,***-**-0698,IL
Bernard,Torres,08/04/77,***-**-7636,NE
Tiffany,Terrell,07/08/67,***-**-7361,IL
Donna,Mason,03/20/71,***-**-3768,OK
Stephanie,Melton,01/23/77,***-**-0043,NC
Sylvia,Jackson,04/18/86,***-**-2148,IA
Theresa,Williams,01/10/65,***-**-4890,VA
Dana,Zimmerman,03/31/73,***-**-8983,NJ
Alex,Morris,07/24/75,***-**-6079,VT
Marc,Mason,10/16/83,***-**-0467,NH
Cameron,Guerra,05/14/58,***-**-6206,NJ
Charles,Olsen,11/16/56,***-**-6474,MT
Joshua,Schneider,08/27/67,***-**-4288,MO
Edwin,Baker,04/14/69,***-**-1199,MN
Jasmine,Jordan,08/20/92,***-**-9773,PA
Sean,Dunn,02/20/70,***-**-8722,KS
Megan,Schwartz,06/14/90,***-**-4732,FL
Derrick,Gallagher,09/14/60,***-**-1589,VT
Lindsey,Jones,10/18/91,***-**-3838,AZ
Monique,Martinez,08/14/63,***-**-9950,FL
Steven,Soto,09/23/75,***-**-7166,TX
Wendy,Peck,10/18/81,***-**-4054,PA
Ryan,Bailey,05/17/57,***-**-6255,IN
Jessica,Smith,05/07/57,***-**-2947,ME
Ashley,Fox,01/21/64,***-**-4516,ID
Luis,Horn,05/02/62,***-**-4696,MA
Brent,Schneider,09/27/57,***-**-8569,ND
Gail,Rodriguez,10/01/91,***-**-8941,VA
Jason,Baker,02/16/80,***-**-9908,TN
Amanda,Gomez,05/03/62,***-**-2194,AK
Edward,Valdez,08/05/72,***-**-5545,ND
Kelly,Brandt,01/12/79,***-**-9046,ME
Christopher,Carrillo,01/09/58,***-**-4103,MI
Elizabeth,Potter,07/02/62,***-**-5640,MT
Timothy,Howard,10/08/89,***-**-1253,IA
Rebecca,Pollard,04/29/84,***-**-1865,KY
Stephen,Short,08/15/70,***-**-1323,PA
Michael,Odom,07/25/73,***-**-9368,MS
Pamela,Lawrence,02/01/78,***-**-2412,KY
David,Young,11/09/82,***-**-7690,HI
Michael,Bass,10/03/75,***-**-9503,SD
Brandon,Medina,01/24/91,***-**-0987,MA
Peter,Shepard,12/01/83,***-**-3577,KY
Jessica,Moore,09/14/59,***-**-3396,MD
Amy,Keith,12/06/68,***-**-1932,GA
Scott,Cook,04/19/85,***-**-6522,RI
Samuel,Schmitt,05/09/60,***-**-3184,MD
Tina,Stewart,09/18/63,***-**-3569,NH
Dorothy,White,08/27/60,***-**-8706,PA
Ashley,Bowers,07/08/74,***-**-0139,CA
Jermaine,Watson,03/09/65,***-**-6762,NJ
Frank,Delgado,09/26/65,***-**-1186,WY
April,Bradley,07/20/82,***-**-2371,TX
Jessica,Brandt,01/09/83,***-**-3653,AR
John,Blankenship,01/25/61,***-**-4697,MD
Jason,Barber,01/31/74,***-**-2267,RI
Kim,Delgado,06/24/71,***-**-5421,DE
Veronica,Rangel,06/20/58,***-**-5671,WI
Margaret,Hammond,02/07/74,***-**-2207,OK
Rebecca,Mcbride,02/21/66,***-**-4226,SD
Tina,Anderson,02/17/68,***-**-8693,NH
Jessica,Rodriguez,11/13/92,***-**-5170,NY
Jason,Jones,03/31/70,***-**-3300,LA
Mike,Rice,02/25/84,***-**-7394,GA
Michael,Williams,07/22/89,***-**-2875,WI
Sarah,Kane,07/30/80,***-**-9475,GA
Chad,Koch,09/20/65,***-**-5358,KY
Lisa,Oneal,11/03/57,***-**-1248,PA
Donna,Robinson,02/24/85,***-**-9275,WI
Colton,Fisher,07/29/57,***-**-7854,ID
Cody,Hardy,10/04/69,***-**-5576,TX
Brooke,Mckee,05/10/93,***-**-4110,TX
Luke,Adams,09/11/77,***-**-8540,SC
Sara,Wilson,04/29/57,***-**-2024,AR
Brandon,Thomas,11/11/94,***-**-2838,RI
Michael,Kim,08/03/81,***-**-3695,NY
Claire,Andrade,06/28/94,***-**-60**,WI
Diane,Jones,03/29/83,***-**-8549,NE
Stephanie,Robinson,09/21/88,***-**-8989,NJ
Eric,Guerrero,02/06/59,***-**-6912,FL
Robert,Bennett,12/07/76,***-**-2907,AZ
Alexa,Thompson,09/26/84,***-**-9583,IL
Anita,Eaton,07/06/66,***-**-5925,RI
Richard,Smith,01/29/93,***-**-8035,MN
Jeremy,Lopez,08/16/93,***-**-1218,MO
Grant,Sanchez,01/27/92,***-**-8505,GA
Robert,Weber,01/05/60,***-**-8958,MO
Amy,Sanchez,12/05/74,***-**-3625,AL
Tanner,Esparza,02/23/73,***-**-3742,OK
Denise,Lane,07/22/86,***-**-3327,ID
Dennis,Leblanc,03/01/94,***-**-6198,IL
Michelle,Wade,12/27/85,***-**-9162,LA
Valerie,Adkins,11/01/59,***-**-5882,CO
Caleb,Hall,07/04/82,***-**-3125,IN
Evan,Parker,11/18/91,***-**-7213,PA
Amy,Delgado,01/11/84,***-**-9583,MT
Logan,Moss,07/28/90,***-**-9460,WV
Danielle,Davis,03/23/74,***-**-4665,HI
Brian,Martin,03/25/86,***-**-0991,HI
Travis,Keith,07/28/63,***-**-4320,NM
Abigail,Jacobs,03/08/74,***-**-1596,NV
Gabrielle,Wise,08/11/60,***-**-4965,MA
Paul,Suarez,10/07/62,***-**-6300,RI
Michael,Ochoa,08/09/86,***-**-9602,TX
Daniel,Pacheco,01/09/75,***-**-9820,MN
Austin,Jackson,04/06/70,***-**-8701,MO
Patricia,Patterson,06/27/65,***-**-8753,IA
Diane,Green,10/24/69,***-**-3033,WY
Louis,Flynn,11/09/88,***-**-3481,CA
Nancy,Schmidt,03/01/69,***-**-9447,SC
Jaclyn,Cunningham,11/02/63,***-**-8956,SD
Elizabeth,Davis,10/12/64,***-**-4168,NV
Jacqueline,Donaldson,09/07/66,***-**-5320,KY
Gabriel,Mitchell,02/08/59,***-**-8486,NY
Sara,Barajas,10/04/90,***-**-8344,VT
Ann,Williams,03/06/83,***-**-5252,CA
Justin,Baker,07/02/82,***-**-2028,MI
Kimberly,Lee,09/19/61,***-**-2156,MA
Karen,Roberts,01/21/75,***-**-9717,IL
Miguel,Gonzales,10/26/65,***-**-2152,WV
Alexandra,Barrett,07/20/67,***-**-9720,CT
Jeffrey,Garcia,06/05/65,***-**-0488,IA
Elizabeth,Bautista,05/04/93,***-**-8946,MT
Danielle,Kemp,10/27/80,***-**-5272,OK
Melinda,Miller,03/01/74,***-**-2932,GA
Cindy,Wagner,05/21/62,***-**-6272,MI
Rebecca,Kirby,10/27/57,***-**-7876,IL
Jeremy,Jefferson,03/16/92,***-**-4470,OH
Vincent,Thomas,03/31/62,***-**-5867,HI
Cameron,Jones,11/12/88,***-**-5160,MI
Alicia,Morales,06/28/65,***-**-59**,HI
Dylan,White,07/18/92,***-**-0048,OH
Lauren,Price,06/30/75,***-**-5316,MI
Diane,Buck,04/09/76,***-**-5953,NE
Brian,Harper,01/02/67,***-**-3047,PA
Tim,Allen,01/08/73,***-**-4264,WV
Sierra,Cortez,03/24/74,***-**-5367,WA
Thomas,Garza,09/23/87,***-**-5832,DE
Daniel,Ramirez,12/31/76,***-**-8963,NY
Crystal,Ellis,03/09/58,***-**-0049,NH
Stefanie,Carpenter,06/26/78,***-**-4588,KY
Timothy,Cameron,04/23/60,***-**-8743,KY
Brandi,Gregory,04/15/83,***-**-5829,NC
Victoria,Daniels,06/08/66,***-**-9427,NM
Steven,Washington,08/23/63,***-**-1988,AL
Michelle,Wright,02/19/69,***-**-6564,UT
Keith,Carter,08/16/57,***-**-0345,VT
Nathan,Cruz,09/16/70,***-**-8620,HI
Robert,Gonzales,08/02/68,***-**-1916,GA
Matthew,Garcia,04/13/83,***-**-8684,KS
Gina,Green,03/01/60,***-**-3706,TN
Barbara,York,02/17/75,***-**-9106,VT
Crystal,French,10/04/79,***-**-**89,UT
Kathy,Bryant,10/12/88,***-**-3187,MO
Brittney,Lin,09/02/93,***-**-2328,MN
Lindsay,Francis,01/30/76,***-**-4190,GA
Bryan,Torres,06/02/85,***-**-6406,IL
Michael,Crawford,05/31/82,***-**-1246,HI
Anna,Mann,12/09/69,***-**-3666,SD
Richard,Bowers,07/12/78,***-**-9051,ME
Jennifer,Welch,09/14/67,***-**-4330,MA
Megan,Phillips,06/13/86,***-**-7101,WY
Anthony,Garcia,10/30/65,***-**-6626,MI
Courtney,Hughes,06/21/75,***-**-3393,NM
Jennifer,Allison,12/24/89,***-**-8151,DE
Randy,Smith,11/19/79,***-**-7796,AR
Christopher,Harris,02/23/89,***-**-7997,CA
Laura,Salazar,07/12/59,***-**-8642,OR
Kristi,Harrell,06/09/68,***-**-1401,WI
Christine,Brown,03/22/74,***-**-1**9,NY
Rachel,Morris,06/03/75,***-**-9640,AL
Daniel,Hanson,10/24/72,***-**-3739,KY
Geoffrey,Lee,09/14/93,***-**-6931,WV
Thomas,Murphy,02/07/87,***-**-8386,RI
Randall,Anderson,02/10/62,***-**-8197,WI
Amy,Dominguez,09/18/84,***-**-8377,WV
Danielle,Stanley,04/07/73,***-**-1073,FL
Michael,Henry,03/04/81,***-**-2634,WY
Jessica,Thompson,01/10/68,***-**-7127,CO
Christopher,Valenzuela,01/23/73,***-**-7702,VA
Jesse,Baker,12/20/89,***-**-6515,IL
Charles,Crawford,10/26/91,***-**-8999,WY
James,Austin,12/23/61,***-**-3614,KS
Christopher,Miller,11/17/87,***-**-9999,LA
Kari,Howe,07/29/61,***-**-2386,WI
Gerald,Everett,05/19/65,***-**-4232,VT
Brian,Snyder,10/16/62,***-**-8265,NY
Brian,Young,05/27/68,***-**-9571,AL
John,Snow,03/04/69,***-**-**75,GA
Tanya,Maxwell,06/28/92,***-**-4019,ND
Jill,Keller,04/11/92,***-**-9735,NV
Samantha,Cruz,09/18/67,***-**-3798,CT
Amy,Jones,11/12/73,***-**-4671,CO
Nathaniel,Dominguez,11/24/76,***-**-9952,KY
Barbara,Allen,11/11/63,***-**-8520,MN
Sergio,Bass,12/23/59,***-**-5957,NH
Jeremy,Cunningham,04/13/67,***-**-1623,CT
Michelle,Wheeler,10/14/88,***-**-2060,CO
Brooke,Roberts,04/26/75,***-**-0727,SD
Mary,Thomas,12/18/63,***-**-1656,MI
Taylor,Curry,05/23/83,***-**-8049,AR
Julian,Hudson,09/05/71,***-**-2441,WY
Kara,Collins,01/27/66,***-**-0133,RI
Aaron,Curtis,01/13/91,***-**-1609,AK
Jennifer,Boyd,06/26/75,***-**-5668,MA
Maria,Eaton,09/24/70,***-**-9821,WY
Eric,Fry,11/05/68,***-**-8303,NY
Jillian,Jones,07/17/73,***-**-0820,PA
Jennifer,Franklin,06/24/87,***-**-4**0,IL
John,Carter,07/17/65,***-**-3573,CA
Joshua,Allen,06/26/84,***-**-0650,IA
Kimberly,Foster,06/22/65,***-**-7792,GA
Joshua,Lopez,01/20/76,***-**-6314,IN
Joseph,Brooks,11/08/94,***-**-0968,OK
Bethany,Williams,06/24/71,***-**-7606,VT
Aaron,Ward,09/12/71,***-**-6340,VA
Kevin,Hawkins,06/13/80,***-**-4639,SD
Michael,Hall,02/28/70,***-**-4979,VT
Brianna,Lester,04/21/90,***-**-8063,NV
Joanna,Chavez,08/31/89,***-**-9580,IA
Michael,Jimenez,01/30/68,***-**-8278,IN
Jane,Murphy,10/23/61,***-**-9115,WA
Kathryn,Perez,06/08/75,***-**-7806,AR
Timothy,Smith,10/29/91,***-**-7591,NE
Kelly,Hayes,03/16/77,***-**-8491,AZ
James,Contreras,09/30/71,***-**-8665,LA
Keith,Shaw,03/14/75,***-**-9267,IN
Kendra,Sutton,08/22/84,***-**-2567,WI
Anne,Lawrence,07/03/73,***-**-4532,UT
Richard,Powers,08/17/90,***-**-5848,AR
Adam,Wells,11/14/88,***-**-0097,VA
Stephen,Wolfe,12/18/79,***-**-2132,KS
George,Silva,03/23/92,***-**-7345,SC
Anthony,Fuentes,12/19/85,***-**-3936,IL
Scott,Wood,05/14/93,***-**-9666,WY
Lance,Perez,08/06/60,***-**-7348,MO
Melissa,Snyder,09/03/81,***-**-0592,HI
Sandra,Olson,03/31/57,***-**-9854,IA
Daniel,Rosario,02/28/82,***-**-4641,ND
Dominique,Key,05/18/74,***-**-0919,TN
Evelyn,Gordon,10/02/74,***-**-4793,NE
Michael,Bauer,06/28/77,***-**-8715,AR
Angela,Johnson,09/26/79,***-**-7252,NY
Benjamin,Dunn,08/30/93,***-**-8382,AZ
Ronald,Craig,09/22/76,***-**-5**3,AZ
Ashley,Adams,06/19/73,***-**-1024,CA
Elizabeth,Bell,09/10/75,***-**-9823,OR
Alyssa,Hernandez,09/24/90,***-**-5791,WA
Caleb,Thompson,04/11/90,***-**-3511,NH
John,Campbell,03/29/74,***-**-5123,MI
Russell,Lewis,01/04/78,***-**-4842,LA
Douglas,Garcia,04/27/87,***-**-6456,WV
Javier,Burch,08/30/81,***-**-9883,OK
Alison,Ware,02/14/75,***-**-3971,NY
Timothy,Brown,10/30/80,***-**-5939,GA
Pamela,Schmidt,05/11/58,***-**-4650,WY
Annette,Clarke,12/04/85,***-**-5216,AL
Douglas,Meyer,11/28/67,***-**-8451,AK
John,Padilla,01/25/80,***-**-7063,WY
Kelly,Ramsey,08/16/89,***-**-0825,IL
Jennifer,Mcclure,12/16/82,***-**-8291,MI
Stephen,Gonzalez,06/23/63,***-**-9897,TN
Stacy,Bryant,11/17/75,***-**-9307,TX
Ronald,Wright,01/23/82,***-**-74**,WA
Stephanie,Garcia,04/08/60,***-**-**73,AL
Johnny,Walter,10/26/63,***-**-3244,KS
Sarah,Coffey,09/25/73,***-**-3020,NY
Katherine,Hart,10/14/76,***-**-2031,VT
Olivia,Smith,05/18/86,***-**-8043,KS
Erin,Patterson,09/20/91,***-**-6143,AL
Michael,Gray,06/04/70,***-**-9774,UT
Joshua,Jones,05/09/80,***-**-**59,NC
Beverly,Moore,03/03/58,***-**-5721,CA
Paige,Brown,03/02/59,***-**-9459,AK
Laurie,Miles,09/12/78,***-**-0240,HI
Aaron,Dillon,09/18/58,***-**-1764,CT
Sharon,Davis,06/28/94,***-**-9341,KY
Jack,Turner,01/30/75,***-**-3773,NJ
Sandra,Patton,08/11/59,***-**-2081,WA
David,Williams,09/28/65,***-**-6692,OR
Jeffrey,Hardy,05/30/80,***-**-2321,AK
Steven,Cline,12/15/66,***-**-8827,UT
Jonathan,Diaz,04/09/90,***-**-6965,NY
Eric,Lyons,06/17/80,***-**-4052,VT
Lori,Scott,08/16/66,***-**-4533,MI
Scott,Jones,12/12/76,***-**-7186,MT
Rhonda,Day,02/11/58,***-**-4229,MT
David,Young,08/28/77,***-**-5727,PA
Ryan,Jackson,06/19/82,***-**-3652,OK
Alex,Leonard,11/01/86,***-**-3475,WV
Michele,Cross,12/22/88,***-**-0952,ND
Stephen,Lopez,10/01/78,***-**-0888,IN
Laura,Vasquez,01/19/68,***-**-5984,NV
Sharon,Weber,09/12/66,***-**-2610,ME
Eric,Obrien,05/07/85,***-**-9661,AL
Frederick,Mullen,09/03/80,***-**-9367,OR
Carla,Simpson,10/27/75,***-**-6**7,MS
Corey,Garcia,07/16/72,***-**-7809,OH
Justin,Phillips,09/01/60,***-**-1377,NC
Timothy,Smith,04/21/94,***-**-1291,KY
Suzanne,Hill,10/25/91,***-**-7170,NJ
Stacey,Burgess,12/15/67,***-**-5899,MT
Kelly,Perez,03/12/63,***-**-7123,NE
Jennifer,Wagner,07/31/77,***-**-3321,OH
George,Williams,02/27/62,***-**-3096,NC
Michael,David,03/09/71,***-**-6617,AL
John,Perez,01/01/94,***-**-7828,RI
Nicole,Sherman,01/07/82,***-**-3201,WV
Teresa,Macias,08/01/89,***-**-3312,WA
Benjamin,Lee,10/19/88,***-**-4752,VA
Jodi,Anderson,03/21/76,***-**-6103,MD
Matthew,Ritter,02/08/65,***-**-2355,NY
Lauren,Howard,11/21/65,***-**-2196,OR
Richard,Butler,12/10/85,***-**-1460,NE
Katrina,Freeman,11/09/69,***-**-7170,KS
Whitney,Graham,09/26/68,***-**-3110,IN
Anna,Mills,07/09/74,***-**-5746,ID
Lisa,Avila,02/03/94,***-**-1528,PA
Darrell,Stevens,04/29/86,***-**-6328,MT
Hayden,Norman,02/20/86,***-**-6410,VA
Anthony,Baker,02/21/62,***-**-4451,LA
Jonathan,Pierce,12/19/59,***-**-8992,MI
Rachael,Norton,12/23/72,***-**-7804,IN
Rachel,Blackburn,05/26/64,***-**-3968,TX
Gabrielle,Rodriguez,04/12/88,***-**-2821,MI
Katherine,Prince,08/13/90,***-**-4732,OH
Amy,Ellis,07/18/91,***-**-8269,GA
Christopher,Jordan,12/26/60,***-**-4964,AR
John,Hancock,04/01/83,***-**-3528,TX
Pamela,Wang,06/22/64,***-**-5305,VA
Cynthia,Campbell,03/03/74,***-**-4326,NM
Kristi,Mccoy,09/28/85,***-**-3151,CO
Karen,Jacobs,04/13/77,***-**-4171,CO
Jennifer,Johnson,12/06/89,***-**-3693,NH
Carla,Hughes,05/24/87,***-**-1835,VT
Ernest,Oliver,02/09/88,***-**-2396,MO
Tyler,Blackwell,01/25/63,***-**-8949,CT
Bethany,Weber,06/10/62,***-**-0793,KY
Richard,Alvarez,12/17/83,***-**-2399,ID
Kimberly,Stevens,04/22/68,***-**-5276,NV
Emily,Mitchell,12/15/93,***-**-6049,NE
Sherry,Fernandez,04/23/68,***-**-8164,AK
Danielle,Manning,05/21/61,***-**-2579,MD
Deanna,Acosta,05/04/58,***-**-5562,AK
Kristin,Dawson,03/16/81,***-**-4356,RI
Sarah,Moreno,05/11/88,***-**-7060,SC
Stephanie,Flores,03/30/67,***-**-0809,TN
Sharon,Jones,07/18/64,***-**-7077,CT
Robin,Coleman,07/20/64,***-**-9488,SC
Cindy,Hopkins,03/25/66,***-**-4307,KS
Peter,Hernandez,12/20/61,***-**-7684,ME
William,Ray,09/24/61,***-**-8062,SC
Cheryl,Smith,12/21/78,***-**-9119,NE
Christopher,Glover,03/14/70,***-**-08**,NV
Sharon,Leblanc,05/15/67,***-**-0490,ME
David,Price,04/19/81,***-**-0393,WV
John,Patel,01/25/87,***-**-9381,VA
Victor,Cole,07/01/59,***-**-6357,WY
Karen,Heath,03/07/74,***-**-9945,CA
Paul,Allen,11/07/81,***-**-5698,LA
Kristina,Johnson,02/14/80,***-**-5010,NJ
Dominic,Ramos,03/19/82,***-**-8256,VT
Brandon,House,06/06/79,***-**-4394,NJ
Sandra,Kelly,05/09/85,***-**-4847,NH
Anthony,Melton,04/08/91,***-**-9353,NM
Yvette,Duke,11/08/76,***-**-9549,IL
Michael,Henry,03/27/74,***-**-2095,NE
Emily,Taylor,04/14/73,***-**-2018,IA
Peggy,Mcdaniel,01/04/88,***-**-3459,WA
Teresa,Murphy,02/13/71,***-**-1236,MD
Natalie,Ward,03/04/92,***-**-8729,HI
Jacqueline,Kirby,12/04/75,***-**-1802,ID
Amanda,Young,08/06/77,***-**-9361,WY
Russell,Zavala,02/09/73,***-**-2734,NY
Nicole,Carpenter,02/17/73,***-**-6993,SC
Bradley,Wagner,01/02/94,***-**-3583,TX
Marie,Bailey,08/23/69,***-**-9692,NH
Rebecca,Roach,05/19/65,***-**-***4,ND
Chad,Duncan,06/29/58,***-**-9407,NE
Mark,Thompson,06/15/76,***-**-1322,NE
Suzanne,Rhodes,04/28/80,***-**-1958,NC
Melissa,Reyes,08/20/84,***-**-2985,LA
Samuel,Phillips,06/19/72,***-**-8806,MI
James,Cortez,11/23/86,***-**-8728,NJ
Randall,Whitehead,11/07/62,***-**-9200,VA
Matthew,Richardson,05/13/62,***-**-0719,SD
Sandra,Myers,04/05/59,***-**-2873,NM
Natasha,Davis,01/12/77,***-**-1572,WY
Susan,Diaz,11/24/76,***-**-6920,WI
Nicholas,Nguyen,07/13/74,***-**-5394,NH
Michael,Welch,03/12/80,***-**-0630,WV
Jennifer,Yates,09/13/71,***-**-8351,RI
Gail,Bradshaw,02/10/90,***-**-2069,NM
Anthony,Mills,08/29/59,***-**-7435,RI
Christina,Winters,01/27/58,***-**-1063,AZ
Tracey,Gomez,07/12/59,***-**-2801,NJ
Angela,Hart,07/07/61,***-**-8217,IL
Katherine,Baird,03/30/80,***-**-1191,NJ
Jennifer,Bradley,07/30/65,***-**-2170,TN
Hunter,Payne,10/10/71,***-**-2149,TN
Amy,Black,04/27/74,***-**-4888,NJ
James,Mccormick,04/15/62,***-**-8300,OK
Michael,Edwards,02/08/81,***-**-2239,AZ
William,Johnson,11/13/73,***-**-7808,MO
Heather,Thompson,07/27/70,***-**-2820,HI
John,Gibson,10/24/61,***-**-4643,LA
Laurie,Elliott,08/02/64,***-**-9421,CO
James,Neal,07/18/66,***-**-1272,GA
Eric,Moore,01/01/64,***-**-6218,WA
Corey,White,05/18/79,***-**-2974,CA
Kenneth,Holmes,10/01/91,***-**-2289,MI
Daniel,Mason,06/12/74,***-**-3217,CT
John,Warren,07/07/93,***-**-4238,ID
Julie,Taylor,01/17/89,***-**-2015,ME
Kathryn,Carpenter,10/31/91,***-**-2644,WI
Kathy,Castillo,02/18/77,***-**-5318,AR
Kendra,Wood,11/22/60,***-**-7560,OH
Elizabeth,Johnson,06/27/68,***-**-8484,NC
Katherine,Johnson,12/09/83,***-**-5126,MI
Linda,Day,06/01/70,***-**-8740,AK
Brandon,Ho,12/11/92,***-**-4498,NV
Timothy,Martin,04/10/85,***-**-9876,FL
Chad,Zimmerman,09/20/79,***-**-6293,NM
Dylan,Parker,02/18/81,***-**-3245,IL
Kylie,Mccormick,02/22/83,***-**-4**7,DE
Jason,Reyes,10/14/85,***-**-9108,CO
Arthur,Carlson,12/09/90,***-**-0609,WI
Kevin,Wyatt,07/11/75,***-**-1089,NE
Michelle,Skinner,09/18/75,***-**-4888,ME
William,Grant,04/26/70,***-**-4808,PA
Cassie,White,10/14/72,***-**-2610,OK
Jimmy,Carney,01/23/90,***-**-9509,MO
Daniel,Jones,09/05/74,***-**-3456,LA
Austin,Oliver,12/09/70,***-**-2351,WY
Michael,Welch,04/18/92,***-**-6942,RI
Derek,Payne,03/26/70,***-**-1519,WA
Eric,Dominguez,11/05/66,***-**-4746,RI
William,Burns,01/11/79,***-**-3068,TX
Andrew,Nguyen,12/24/72,***-**-3264,KS
Cheryl,Salazar,03/14/91,***-**-7968,TX
Karen,Williams,08/13/87,***-**-2151,AR
Todd,Reyes,03/28/70,***-**-3675,VT
Andrew,Williams,09/16/68,***-**-5827,NE
Jeffrey,Mathews,02/25/57,***-**-1447,CT
Victoria,Reeves,05/09/70,***-**-1972,CT
Aaron,Munoz,11/10/86,***-**-0581,OR
Larry,Smith,03/09/59,***-**-9634,UT
Zachary,Hall,02/14/81,***-**-0846,IL
Andrea,Aguilar,05/22/79,***-**-1821,KS
Christopher,Bauer,10/12/81,***-**-5742,MO
Charles,Fry,02/26/76,***-**-6923,CT
Joshua,Mann,05/02/77,***-**-2818,OR
Diana,Smith,08/20/92,***-**-0859,VT
Michelle,Kennedy,04/03/87,***-**-1154,WI
Christine,Sims,05/30/77,***-**-0585,SD
Frederick,Moody,12/14/83,***-**-8461,AK
Kevin,Smith,11/17/77,***-**-2592,NC
Amy,Sampson,03/14/71,***-**-1910,IN
Vanessa,Edwards,12/08/93,***-**-2861,PA
Daniel,Mitchell,03/23/72,***-**-1942,NV
Jessica,Rivera,12/08/85,***-**-7802,MN
Amy,Dickson,08/15/87,***-**-6803,RI
Stephen,Johnson,03/18/73,***-**-6635,MT
Bryan,Hartman,07/31/73,***-**-5028,CT
Jason,Buck,04/25/64,***-**-2468,CA
Adrian,Hartman,08/31/82,***-**-6535,CO
Gabrielle,Sampson,10/29/85,***-**-6945,IL
Nancy,Montoya,09/18/80,***-**-9310,IN
Theresa,Daniels,09/21/61,***-**-4320,NC
Tammy,Jones,10/06/62,***-**-9069,CO
Caitlin,Orozco,07/20/90,***-**-9661,OK
Michael,Michael,03/02/75,***-**-6357,VT
Daniel,Edwards,11/07/67,***-**-0900,NJ
Nicholas,Mclaughlin,07/10/62,***-**-4974,OK
Heather,Fisher,12/03/61,***-**-0333,TN
John,Wade,09/24/92,***-**-4931,IN
Timothy,Moore,12/25/86,***-**-1862,NH
Christopher,Santos,02/09/89,***-**-1539,VT
Jessica,Bennett,06/11/85,***-**-3499,FL
David,Ochoa,01/08/72,***-**-4198,SC
Joseph,Ellis,02/08/58,***-**-5537,MS
Shelia,Jones,09/27/62,***-**-6040,FL
Kelli,Garcia,01/26/82,***-**-3958,KS
John,Odonnell,11/04/66,***-**-7711,AR
Shawn,Phelps,02/02/72,***-**-9307,NC
Samantha,Dunlap,02/14/77,***-**-2309,TX
Lawrence,Hall,05/11/94,***-**-9377,MD
Christopher,Hernandez,12/04/85,***-**-7847,KY
Christopher,Smith,09/29/88,***-**-4989,NE
Jennifer,Lindsey,11/15/77,***-**-8382,ND
Brent,Gillespie,10/28/59,***-**-8806,WV
James,Macias,04/20/60,***-**-4913,NH
Tamara,Grant,03/21/68,***-**-6745,MO
Angelica,Mejia,10/11/90,***-**-5**0,MD
Erica,Moore,01/04/81,***-**-6562,LA
Kyle,Berry,12/12/74,***-**-2612,MT
Christine,Parks,08/06/92,***-**-5992,ND
Holly,Jacobs,02/05/73,***-**-**18,KS
Crystal,Ramos,05/01/68,***-**-9392,NC
Heather,Franklin,06/04/77,***-**-3245,AK
Cameron,Kennedy,03/25/69,***-**-9205,TN
Megan,Mendoza,04/27/84,***-**-9281,OH
James,Stanley,08/08/88,***-**-5348,CO
Ricardo,Price,03/19/86,***-**-0586,SD
Deanna,Lopez,04/04/57,***-**-2027,CT
Juan,Beasley,07/30/62,***-**-8974,KS
Steven,Cain,05/20/82,***-**-0881,GA
Mary,Green,08/15/94,***-**-8216,ND
Christine,Ibarra,12/11/71,***-**-4542,WI
Stacey,Luna,09/03/61,***-**-7957,CO
Marcus,Diaz,04/09/84,***-**-4253,IL
David,Jones,12/26/66,***-**-8614,KY
Jesus,Clark,06/17/79,***-**-9169,NV
Theresa,Mitchell,09/18/64,***-**-2414,IA
Jennifer,Gonzalez,11/18/66,***-**-8160,NV
Douglas,Bass,08/17/92,***-**-8214,VT
Kimberly,Thompson,05/28/84,***-**-7323,NJ
Angela,Hart,08/26/73,***-**-3242,MT
Bryan,Gomez,05/03/90,***-**-5060,ME
Jessica,Howard,04/05/89,***-**-2966,OK
Justin,Dawson,02/10/75,***-**-3269,KS
Edward,Porter,05/30/80,***-**-3766,LA
Meredith,Anderson,03/21/83,***-**-7457,ME
Julie,Nelson,08/28/60,***-**-3907,WA
Michael,Martin,10/29/94,***-**-8347,IN
Elizabeth,Moore,09/22/79,***-**-4182,SC
Nicholas,Valentine,06/13/92,***-**-8399,TX
Marie,Young,12/09/66,***-**-3513,OK
Christopher,Washington,04/25/86,***-**-7035,MO
Henry,Hoffman,12/13/77,***-**-1493,NJ
Richard,Armstrong,01/07/91,***-**-5575,MS
Kyle,Walker,11/13/59,***-**-9493,VA
Derrick,Wilcox,10/04/87,***-**-7187,ME
Lucas,Duncan,10/06/87,***-**-4251,MS
Lisa,Holmes,07/16/93,***-**-0562,NJ
Elizabeth,Cooper,08/10/81,***-**-0180,NH
Stacey,Martinez,11/10/77,***-**-6226,MI
Judith,Haynes,02/21/88,***-**-2176,NC
Jackie,Hill,03/09/74,***-**-9550,NE
Michael,Brown,08/26/60,***-**-5539,CT
Anthony,Porter,08/03/59,***-**-2303,MN
Joanna,Hernandez,05/26/62,***-**-7427,SD
Ashley,Anderson,08/15/82,***-**-0355,OH
Cassandra,Acosta,06/09/72,***-**-3840,WA
Robert,Davidson,08/27/59,***-**-6216,MN
Lisa,Guzman,09/01/63,***-**-9995,ND
Bonnie,Kelley,08/27/69,***-**-2787,IA
Christopher,Perez,03/18/90,***-**-4454,ND
Randy,Johnson,10/18/92,***-**-7577,OH
Lauren,Rivas,03/01/63,***-**-4932,AZ
Tracey,Chavez,12/16/80,***-**-8884,FL
David,Marks,03/01/57,***-**-0456,ND
Shawn,Nunez,11/25/73,***-**-0430,TN
Russell,Yu,02/24/66,***-**-0983,ND
Elizabeth,Hammond,11/13/71,***-**-8748,OR
Heather,Scott,06/03/64,***-**-3710,WY
Kimberly,Hull,04/05/74,***-**-0816,WI
Robert,Drake,11/27/79,***-**-6370,WI
Adrian,Martin,08/02/76,***-**-4117,PA
Jessica,Rivers,01/30/91,***-**-4721,MS
Christopher,Lee,06/26/83,***-**-8979,VT
Christopher,Herman,12/29/91,***-**-8842,NC
Charles,Nash,07/29/67,***-**-9903,VT
Danielle,Barr,03/02/57,***-**-6806,NH
Andrew,Ramos,11/02/86,***-**-4035,WA
Kevin,Hall,06/24/90,***-**-3584,AK
Travis,Thompson,02/04/57,***-**-0470,HI
Emily,Harris,04/29/64,***-**-3273,SC
Samantha,Sanders,03/17/93,***-**-6736,AK
Benjamin,Hayes,09/11/67,***-**-2236,WY
Michael,Hale,06/30/60,***-**-4326,HI
Lindsay,Smith,05/26/84,***-**-6627,ME
Kevin,Gonzalez,06/29/85,***-**-9265,FL
Robin,Quinn,05/10/59,***-**-4725,IL
Christopher,Fisher,05/30/68,***-**-7**9,VT
Denise,Blankenship,04/17/89,***-**-5390,ID
Mark,Fitzgerald,10/28/75,***-**-0350,MS
Mary,Strickland,11/08/66,***-**-8918,OR
Catherine,Davies,09/11/68,***-**-0142,FL
Patricia,Cooley,08/26/87,***-**-5355,WY
Kerry,Adams,06/09/91,***-**-8122,RI
Adrian,Higgins,06/05/90,***-**-5579,WV
Nicholas,Crawford,10/18/80,***-**-3366,ND
Jennifer,Galvan,12/30/67,***-**-3209,NJ
April,Thomas,08/24/62,***-**-2295,NJ
Billy,Dawson,07/09/94,***-**-5061,KY
Jennifer,Wilcox,10/16/80,***-**-5553,KS
Gavin,Brown,05/23/86,***-**-9853,AR
James,Russell,07/25/93,***-**-4296,NH
Timothy,Wilson,03/16/85,***-**-3011,MO
Michael,Schmidt,01/23/81,***-**-0951,UT
Sarah,Carrillo,05/24/88,***-**-9627,OH
Ann,Romero,03/16/77,***-**-1940,CT
Mark,Sanchez,07/23/62,***-**-5707,IL
Christopher,Williams,01/21/73,***-**-6972,AZ
Daniel,Stewart,01/06/63,***-**-8344,AZ
Jason,Lopez,01/17/58,***-**-8706,WI
Grace,Garcia,06/30/80,***-**-5358,CO
Adam,Lee,01/22/71,***-**-5729,PA
Brian,Rivera,02/09/79,***-**-5280,WV
Justin,Howard,03/21/62,***-**-7396,AL
Bonnie,Joseph,10/10/91,***-**-0637,WI
Michael,Richard,08/12/63,***-**-1758,WI
Matthew,Ortega,02/10/59,***-**-0957,AZ
Christine,Sparks,06/26/69,***-**-9890,RI
Troy,Reynolds,04/04/67,***-**-0710,NV
Ronald,Taylor,07/09/79,***-**-5753,CA
Donald,Lyons,06/10/58,***-**-4933,IN
Lisa,Hicks,10/03/90,***-**-1465,MI
Carolyn,Wells,11/27/76,***-**-6075,MA
Sandra,Powers,10/10/91,***-**-0672,WA
Dawn,Brown,03/10/59,***-**-8962,WY
George,Oconnell,03/31/75,***-**-5547,DE
Jackson,Lucero,05/12/63,***-**-6377,MI
Travis,Smith,04/23/92,***-**-2120,LA
Bianca,Wong,07/15/78,***-**-9401,LA
Willie,Allen,01/29/93,***-**-6874,RI
Andrew,Rodgers,08/07/91,***-**-7522,ME
James,James,05/07/81,***-**-0406,OK
Amy,Estrada,07/30/84,***-**-6593,WI
Mary,Carrillo,06/10/60,***-**-2605,NJ
Jamie,Jones,02/12/80,***-**-0066,HI
Carol,Foster,01/13/88,***-**-5822,DE
Ann,Mitchell,06/14/66,***-**-6382,AK
Cynthia,Robinson,05/10/68,***-**-2765,LA
Lauren,Allen,06/14/68,***-**-5523,AR
James,Baker,10/09/73,***-**-0137,OK
Katherine,Glass,01/14/66,***-**-9120,NH
Lori,Alvarado,08/07/87,***-**-3011,AL
Elizabeth,Mack,10/31/87,***-**-0674,WI
Daniel,Rodriguez,07/05/70,***-**-5485,NC
Melanie,Garrett,12/13/57,***-**-9240,UT
William,Landry,02/26/73,***-**-8042,MT
Chelsea,Gallagher,08/03/93,***-**-7805,VT
Stephanie,Greer,04/10/65,***-**-7531,VA
Victoria,Mcdaniel,09/14/65,***-**-9517,CA
Francisco,Archer,08/19/81,***-**-6654,AK
Caroline,Morrison,04/24/66,***-**-1880,MO
Mary,Daniel,06/12/71,***-**-9538,IL
Paul,Harris,03/27/73,***-**-1734,TX
Jay,Smith,04/02/79,***-**-8985,KY
Ashlee,Hall,10/10/62,***-**-0455,MT
Meagan,Harrington,08/04/88,***-**-1677,IL
Jasmine,Ho,01/30/77,***-**-0531,MA
Jill,Jones,10/10/77,***-**-4898,IL
Kathryn,Rodgers,12/23/79,***-**-2077,CA
Karen,Nolan,05/11/88,***-**-9034,MA
Randy,Johnston,07/25/89,***-**-6052,NC
William,Doyle,02/14/67,***-**-8137,AR
Dylan,Singh,08/12/65,***-**-**89,CT
Erin,Norton,08/12/91,***-**-8009,NE
Jonathan,Bennett,02/08/91,***-**-0104,NJ
Abigail,Wong,03/04/88,***-**-1896,FL
Shawn,Bennett,07/19/80,***-**-0598,OK
Dawn,Kramer,09/11/88,***-**-7257,LA
Steven,Taylor,01/21/58,***-**-0487,AL
Michael,Newton,08/02/73,***-**-8678,OK
James,Day,02/16/91,***-**-2205,VT
Alec,Williams,08/08/81,***-**-3293,AL
Jill,Torres,02/27/58,***-**-9730,CT
Stephanie,Sullivan,05/12/73,***-**-1275,NJ
James,Knight,06/14/70,***-**-0910,TX
Brandon,Lyons,11/25/63,***-**-8469,ME
Melinda,Martin,01/26/74,***-**-3356,CO
Sara,Riley,04/04/80,***-**-8451,MA
James,Parks,03/05/72,***-**-5111,MI
Andrew,Wilkerson,07/18/61,***-**-1067,AR
Gary,Rice,10/25/65,***-**-39**,WY
Juan,Carr,10/10/59,***-**-1881,MT
Michael,Chapman,10/08/93,***-**-7919,NC
Mike,Richardson,05/02/75,***-**-2258,AR
Daniel,Ramirez,07/05/65,***-**-9999,NJ
Anna,Davies,01/08/79,***-**-2450,ID
Stephanie,Harper,04/15/66,***-**-2813,IL
Christopher,Garcia,04/30/62,***-**-1247,AL
Joshua,Webb,10/29/64,***-**-4482,AR
Kelly,Evans,01/25/69,***-**-1066,PA
Marissa,Davis,06/15/75,***-**-5270,AZ
Jermaine,Clark,04/12/79,***-**-5497,MA
Tanner,Medina,07/18/58,***-**-5988,VA
Donald,Dunlap,01/18/93,***-**-9427,NV
Joseph,Ewing,11/21/57,***-**-6418,NJ
Kimberly,Smith,01/07/74,***-**-9371,ME
Nicholas,Obrien,05/11/84,***-**-2045,AL
Jason,Perez,06/18/68,***-**-5216,NY
Jesse,Hernandez,01/10/77,***-**-1848,KS
Brendan,Newman,04/08/80,***-**-0507,PA
Marisa,Cunningham,04/15/63,***-**-7660,SD
Christopher,Lee,11/03/63,***-**-2873,UT
Laura,Walker,01/02/85,***-**-7447,ME
Richard,Downs,09/14/67,***-**-7597,TN
Cynthia,Black,10/13/57,***-**-1892,WY
Sara,Vazquez,04/08/72,***-**-1732,SD
Logan,Reynolds,04/16/94,***-**-4618,NH
Michele,Brown,09/22/78,***-**-5035,NM
James,Rodriguez,01/25/81,***-**-3339,OR
Jason,Jennings,07/06/72,***-**-7206,CA
Rebecca,Petty,01/27/61,***-**-3996,NV
Jeremy,Wagner,12/29/86,***-**-2501,KY
Mary,Vincent,09/01/65,***-**-2149,GA
Nathan,Wolfe,05/03/76,***-**-2075,SC
Jose,Adkins,12/13/71,***-**-5374,WV
Miranda,Mitchell,10/06/67,***-**-9105,UT
Peter,Hunt,04/19/66,***-**-5402,IL
Katie,Lynn,10/17/83,***-**-3701,WA
Nancy,Smith,02/12/65,***-**-2243,SC
Adam,King,05/14/90,***-**-9527,OR
Shawna,Chan,12/17/91,***-**-6067,LA
Joseph,Dudley,07/17/79,***-**-6312,NH
Lori,Gallagher,02/08/57,***-**-70**,KY
Antonio,Velasquez,01/03/84,***-**-8910,MO
Steven,Harris,12/14/70,***-**-2872,NC
Amanda,Brown,01/27/80,***-**-2038,OR
Ashley,Morales,04/25/63,***-**-9001,NV
Gina,Holder,03/30/71,***-**-0286,OK
Donald,Flores,04/06/84,***-**-5306,TX
Tanner,Coleman,03/10/59,***-**-4304,WV
Julie,Burnett,05/04/75,***-**-8126,IA
Eric,Ball,04/13/63,***-**-4040,MO
Alejandro,Harris,08/15/76,***-**-57**,MD
Cindy,Rojas,06/16/89,***-**-1963,OH
Nicole,Mueller,08/11/91,***-**-4424,NV
Karen,Dennis,08/27/83,***-**-0487,TN
Austin,Rodriguez,09/06/94,***-**-0095,VA
Frances,Stewart,05/02/82,***-**-1069,DE
Katie,Camacho,09/24/59,***-**-2447,MN
Samuel,Huber,04/11/81,***-**-9237,MD
Thomas,Hernandez,06/10/64,***-**-9293,VA
Sharon,Bryant,05/08/65,***-**-9955,NH
Daniel,Choi,03/10/68,***-**-1109,NV
Janice,Perry,06/04/66,***-**-9017,MA
Lauren,Cruz,06/19/85,***-**-2521,AK
Steven,Taylor,04/03/76,***-**-5758,DE
Teresa,Padilla,07/22/84,***-**-8415,ND
Andrew,Brooks,03/26/67,***-**-7690,RI
Antonio,Townsend,04/11/92,***-**-1545,MO
Kristina,Hill,06/23/84,***-**-0946,NY
Sarah,Johnson,01/02/68,***-**-2953,IA
Aaron,Johnson,07/21/70,***-**-0554,IA
Michael,Brown,02/01/66,***-**-8406,CO
Phillip,Brown,06/29/94,***-**-3100,KS
Kevin,Pollard,02/19/77,***-**-3147,IA
Tommy,Castro,11/24/87,***-**-4794,OR
Courtney,Walker,10/29/76,***-**-6744,FL
Daniel,Ramsey,09/01/69,***-**-5559,NC
Michael,Robbins,02/08/81,***-**-8280,IN
Robert,Murphy,10/05/78,***-**-4258,MD
Matthew,Parks,01/15/63,***-**-4990,NJ
Randy,Acosta,08/26/83,***-**-8**6,NH
Anna,Harrell,07/20/79,***-**-2164,NH
Julie,Russell,06/01/63,***-**-9843,AZ
Melissa,Martinez,01/13/77,***-**-3101,AR
Donna,King,05/22/84,***-**-5938,IA
Ashley,Ryan,08/28/75,***-**-0520,CO
Joshua,Golden,09/04/68,***-**-9925,ME
Jared,Miranda,10/05/87,***-**-8276,MN
Richard,Martinez,05/13/92,***-**-2702,VA
Kimberly,Andersen,08/04/71,***-**-1839,GA
Kenneth,Moore,04/30/82,***-**-0900,IL
Cheryl,Payne,06/11/67,***-**-0836,CT
Lauren,Lewis,03/09/57,***-**-6569,NE
Rachel,Anderson,10/29/91,***-**-2308,DE
Jessica,Snyder,05/27/64,***-**-3836,NM
Edgar,Jennings,09/10/74,***-**-6853,VT
Mark,Brown,03/11/73,***-**-2028,AK
Erica,Wilson,08/23/62,***-**-0180,NE
Miguel,Pierce,02/18/71,***-**-7771,VT
Robert,Kim,03/03/67,***-**-6091,DE
Todd,Garza,10/22/76,***-**-3578,OH
Jessica,Thompson,03/13/65,***-**-1210,PA
Erica,Waller,08/17/87,***-**-0085,WV
Thomas,Stark,12/02/92,***-**-0771,AZ
Emily,Morris,09/22/73,***-**-0441,MI
Jose,Jennings,05/24/74,***-**-5779,UT
Tricia,Stone,10/29/92,***-**-9831,VT
Tiffany,Robertson,01/21/87,***-**-2229,NV
Stacy,Chambers,11/20/74,***-**-8177,IA
Tyler,Davis,07/25/75,***-**-5636,MA
Scott,Mitchell,06/16/58,***-**-0295,NV
Samantha,House,09/18/63,***-**-13**,IN
Antonio,Jones,08/24/68,***-**-3726,ND
Christopher,Blackburn,11/17/67,***-**-6161,WI
Ryan,Hayes,12/19/58,***-**-2420,MN
Michelle,Hull,09/16/65,***-**-6277,WV
Daniel,Bradley,06/24/66,***-**-7873,TN
Jason,Alexander,07/24/73,***-**-3904,KY
Audrey,Crane,02/03/68,***-**-3433,ND
Scott,Walker,07/06/69,***-**-2922,NH
Pamela,Andrews,05/17/70,***-**-7569,SC
Andrew,Boone,11/23/71,***-**-7128,AZ
William,Nash,03/25/86,***-**-6906,AK
Leah,Huynh,12/22/73,***-**-8917,WA
Margaret,Peterson,01/11/72,***-**-6604,AL
Richard,Neal,03/04/83,***-**-4798,DE
Brian,Frost,03/25/62,***-**-1600,AZ
David,Logan,11/23/59,***-**-4440,AZ
Paige,Carter,07/15/94,***-**-0153,IL
Jennifer,Garcia,02/03/94,***-**-6599,MA
Tom,Diaz,10/20/68,***-**-8562,MI
Sean,Nguyen,12/07/84,***-**-7578,MO
Chelsea,Gibson,11/12/94,***-**-5956,MS
Kaitlyn,Navarro,06/03/72,***-**-7020,LA
Alejandra,Castillo,01/07/73,***-**-7442,CT
Vanessa,Russell,05/09/58,***-**-70**,VT
Jeremy,Arias,04/08/79,***-**-0400,WI
Jason,Hurley,01/16/80,***-**-8792,CO
Shannon,Smith,10/08/73,***-**-5776,CT
Justin,Goodwin,08/01/69,***-**-1**5,AR
Cynthia,Moreno,10/25/79,***-**-6949,IA
Gary,Parker,08/23/59,***-**-8965,NC
Sara,Ramirez,08/17/94,***-**-8224,WY
Amanda,Kelly,05/04/57,***-**-4945,NE
Marie,Fletcher,07/22/57,***-**-2740,NH
Tamara,Sutton,02/22/60,***-**-6071,NE
Denise,Reynolds,12/25/80,***-**-3349,VT
Joshua,Jensen,09/16/86,***-**-1905,KY
Megan,Taylor,09/25/74,***-**-0911,WV
Kimberly,Harris,03/15/80,***-**-5957,UT
Matthew,Maldonado,08/12/75,***-**-2760,NC
Tyler,Odonnell,02/03/58,***-**-4977,MO
Crystal,Gillespie,09/01/65,***-**-2014,NJ
Charles,Rangel,08/08/58,***-**-1578,WA
Janet,Conway,11/16/82,***-**-0264,MT
Gregory,Bell,11/07/71,***-**-***9,MD
Jordan,Kennedy,11/18/91,***-**-3302,KS
Daniel,Peterson,10/15/67,***-**-5262,LA
Suzanne,Duncan,08/05/70,***-**-***6,DE
Jared,Cole,07/05/93,***-**-9210,CA
Sarah,Gill,05/29/79,***-**-2475,ID
Gina,Moon,04/16/89,***-**-6026,DE
Kristen,Gomez,02/14/94,***-**-3365,CO
Brandi,Herrera,08/21/67,***-**-2202,MO
Scott,Smith,07/08/92,***-**-7083,MO
Andrew,Rocha,11/15/80,***-**-6711,VA
Carol,Gonzalez,05/15/65,***-**-7727,ND
Tyler,Allen,10/20/90,***-**-2723,LA
Eric,Stewart,11/02/85,***-**-1687,NE
Tara,Weiss,01/26/84,***-**-1537,KY
Melissa,Long,04/17/82,***-**-0270,WI
Austin,Moran,11/08/86,***-**-4629,MO
Sheila,Fuentes,07/26/69,***-**-0928,GA
Michael,Jackson,05/06/61,***-**-0399,ND
Alexander,Robbins,05/28/61,***-**-1810,NY
William,Young,10/08/57,***-**-6502,IN
Amber,Collins,05/18/76,***-**-2118,NV
Sarah,Ware,02/13/86,***-**-5840,OR
James,Sanchez,09/18/86,***-**-9729,WV
Mary,Cisneros,02/20/79,***-**-6532,IN
Lisa,Peterson,07/17/91,***-**-0624,TX
David,Hunt,11/10/58,***-**-8751,CA
Heather,Eaton,12/29/88,***-**-4343,ME
Christine,Long,01/15/63,***-**-4307,OH
Edward,Rogers,07/31/92,***-**-4719,RI
Robert,Hernandez,10/30/77,***-**-5768,VT
Matthew,Wells,03/19/82,***-**-3424,IA
Ellen,Jackson,07/21/68,***-**-6239,PA
Thomas,Brown,01/11/62,***-**-6614,AK
Karen,Thompson,08/05/72,***-**-0708,HI
Debra,Barr,02/12/89,***-**-7326,MT
Melissa,Johnson,05/27/83,***-**-3935,LA
Ronald,Boyd,11/04/83,***-**-7000,MS
Adam,Davis,03/14/59,***-**-9864,NJ
James,Erickson,02/17/79,***-**-6184,RI
William,Lane,04/15/82,***-**-0409,VT
John,White,02/24/82,***-**-4393,ME
Pamela,Ortiz,03/13/90,***-**-6253,PA
Donna,Clark,04/07/87,***-**-3543,NC
Mike,Burke,05/09/79,***-**-3812,NY
Michelle,Hill,01/26/57,***-**-2454,AL
Dana,Davis,03/02/67,***-**-4598,MT
Brittany,Webster,01/28/80,***-**-2296,TX
Justin,Romero,05/25/88,***-**-5569,OH
Brandon,Miller,04/01/74,***-**-2443,NM
Melissa,Hendricks,09/16/61,***-**-6637,KS
Kimberly,Scott,10/10/64,***-**-2120,OK
Amy,Williams,10/10/58,***-**-**52,AK
William,Wright,11/16/75,***-**-7918,MD
Rachel,Mcdowell,04/26/79,***-**-2963,AK
Barbara,Estrada,12/20/83,***-**-0289,NV
William,Jones,08/13/67,***-**-4239,MD
Michael,Williams,05/27/71,***-**-4633,OK
Adrian,Parker,04/08/86,***-**-9399,CO
Ashley,Rivera,07/23/64,***-**-7934,NE
Matthew,Griffin,01/02/87,***-**-3**4,VT
Taylor,Norman,02/06/87,***-**-7109,UT
Harry,Roberts,02/27/68,***-**-9243,IN
Shawn,Snyder,04/14/65,***-**-9603,OK
Courtney,Sanchez,12/23/69,***-**-5491,OK
Cory,Nguyen,02/13/88,***-**-9204,NH
Dillon,Porter,07/08/94,***-**-3794,FL
William,Leach,06/11/75,***-**-5386,NV
Amanda,Sanders,06/17/64,***-**-8479,VT
Bernard,Kim,10/04/68,***-**-3296,IL
Susan,Mendez,02/23/89,***-**-6760,HI
Lindsay,Harris,09/23/67,***-**-4974,IL
Elizabeth,Mckay,06/18/75,***-**-4629,MA
Laura,Gonzalez,02/23/91,***-**-0054,CO
Amanda,Ross,06/06/57,***-**-0611,KY
Alejandro,Scott,11/05/68,***-**-3244,OK
Derek,Sanchez,12/04/64,***-**-1818,MI
Patrick,King,06/20/73,***-**-2638,ME
Jill,Hamilton,11/07/91,***-**-9698,CA
Brooke,Peterson,07/31/65,***-**-1545,MS
Michael,Haas,10/12/61,***-**-8176,WY
Laura,Clark,11/01/83,***-**-9301,SC
Debbie,Hill,06/12/68,***-**-0343,LA
Mike,Miller,11/20/80,***-**-6130,MT
Gabriel,Peters,12/27/87,***-**-3489,TX
Jeffrey,Brown,12/03/88,***-**-0673,CA
Jason,Campbell,07/24/76,***-**-**75,UT
Anne,Gill,05/24/89,***-**-0549,ME
Katherine,Wilson,12/16/72,***-**-2381,VT
Joseph,Mcintosh,07/17/61,***-**-1041,TN
Erin,Ortiz,07/25/62,***-**-1510,TX
Donald,Foster,07/05/84,***-**-2750,IL
Erin,Gallegos,02/20/90,***-**-0552,SC
Stephen,Reed,05/18/60,***-**-5458,MT
Ashley,Gutierrez,12/11/91,***-**-0123,ME
Eileen,Benson,11/07/66,***-**-5795,IL
Reginald,Jackson,08/10/65,***-**-6778,CT
Felicia,Edwards,12/26/83,***-**-0974,IA
Dawn,Schmidt,12/08/82,***-**-2713,TX
Jill,Hall,11/13/83,***-**-8813,AZ
Laura,Fox,11/05/90,***-**-8**9,NE
Darlene,Ellis,09/13/94,***-**-3881,KY
Lisa,Harris,10/22/59,***-**-0170,FL
David,Miller,04/13/76,***-**-1387,MT
Eric,Clark,11/21/71,***-**-3894,ME
Rachel,Washington,11/07/85,***-**-8983,WI
Bianca,Torres,12/28/78,***-**-7874,TN
Angela,Smith,03/13/61,***-**-5600,NY
Pamela,Hale,10/30/69,***-**-3067,ME
Kyle,Rivera,12/12/92,***-**-3275,AR
Shari,Stewart,02/26/70,***-**-8470,IA
Nathan,Sheppard,08/07/68,***-**-8280,MI
Patricia,Ferguson,04/27/59,***-**-5356,AR
Natalie,Porter,02/05/74,***-**-1071,DE
Robert,Anderson,05/27/82,***-**-4340,TN
Andrew,Howard,08/11/65,***-**-5489,AL
Randy,Mack,09/17/76,***-**-8346,AZ
Crystal,Thomas,07/23/72,***-**-9079,OR
Angela,Reyes,07/26/59,***-**-4418,KY
Charles,Williams,01/09/72,***-**-1525,KY
Andrea,Brown,12/28/67,***-**-9598,IN
Timothy,Henson,04/18/87,***-**-0242,WY
Terri,Levine,03/29/87,***-**-6427,VT
Jesse,Pacheco,07/17/69,***-**-0584,CA
Julie,Jacobs,04/12/84,***-**-4568,NE
Stephanie,Hoover,08/30/90,***-**-5541,UT
Veronica,Blake,05/28/91,***-**-4434,UT
Matthew,Smith,08/10/58,***-**-1697,WY
Elizabeth,Lynn,08/01/93,***-**-2211,KY
Devin,Johnson,07/11/64,***-**-3213,UT
Cameron,Turner,08/02/64,***-**-6438,NC
Luke,Robinson,04/10/93,***-**-5430,TN
Cheryl,Carpenter,01/03/94,***-**-8234,LA
Loretta,Ramirez,12/20/80,***-**-6782,AR
Anthony,Garner,06/16/93,***-**-9060,ND
Walter,West,09/04/67,***-**-7787,NV
Todd,Brown,04/30/78,***-**-6104,NM
Jenny,Reed,08/23/68,***-**-9156,WY
Joseph,Paul,02/08/94,***-**-9283,NJ
Samantha,Brewer,09/13/94,***-**-0433,ND
Jacqueline,Shelton,11/27/84,***-**-7295,MO
Patricia,Hamilton,07/07/91,***-**-5191,NE
Megan,Cook,05/21/74,***-**-57**,HI
Thomas,Caldwell,01/25/87,***-**-7036,TX
Samuel,Ryan,01/24/93,***-**-2946,NJ
Kayla,Monroe,01/10/69,***-**-4972,ND
Jessica,Harper,11/28/78,***-**-3504,MI
Chad,Copeland,05/07/67,***-**-9661,WA
Joseph,Anthony,03/06/89,***-**-5196,TX
Madeline,Irwin,09/03/58,***-**-0671,AK
Chad,West,01/12/74,***-**-1189,MN
Aaron,Brown,09/02/70,***-**-8081,KS
Megan,Powell,02/21/62,***-**-6166,KS
Ivan,Conley,01/25/82,***-**-0309,CA
Bianca,Page,02/22/87,***-**-3023,NM
Matthew,Henry,03/30/81,***-**-6295,RI
Wesley,Smith,05/17/75,***-**-7758,AR
Shannon,Torres,01/06/83,***-**-1380,MS
Noah,Herman,02/13/64,***-**-7801,ME
Christina,Morgan,03/05/63,***-**-5012,CO
Lisa,Williams,07/14/91,***-**-5641,SD
Angela,Adams,05/09/73,***-**-7304,MO
Deborah,Anthony,04/02/80,***-**-8077,ND
Jeffrey,Owens,09/05/72,***-**-6976,MT
Kevin,Howard,05/31/80,***-**-8767,KY
Tina,Peters,07/08/59,***-**-3646,MO
Louis,Hart,05/09/57,***-**-5742,RI
Juan,Barry,04/07/64,***-**-0783,VA
Michael,Garrett,09/17/65,***-**-4728,IN
Justin,Miller,08/08/93,***-**-6228,NE
Chad,Robinson,08/30/76,***-**-1062,RI
Daniel,Callahan,05/31/79,***-**-8277,NV
William,Payne,05/25/66,***-**-6537,NJ
Alvin,Shea,07/30/72,***-**-5567,PA
Joseph,Cox,06/06/69,***-**-3058,MO
William,Miranda,01/14/76,***-**-8664,NJ
Christopher,Mcintosh,11/11/63,***-**-6744,NY
Ashley,Herring,05/21/84,***-**-7136,CA
Jeremy,Ellis,10/14/61,***-**-5018,LA
James,Miller,08/14/76,***-**-6770,VT
Jimmy,Walker,06/13/91,***-**-8798,CA
Pamela,Huynh,07/02/80,***-**-6706,AZ
Sherri,Nguyen,06/17/63,***-**-7282,AR
Victor,Gonzales,12/20/56,***-**-6873,AR
Kevin,Johnson,05/31/90,***-**-2470,UT
Stephanie,Walker,02/06/78,***-**-3945,GA
Matthew,Taylor,04/06/68,***-**-2274,WA
Renee,Decker,02/04/88,***-**-8096,UT
Jonathan,Avila,05/31/65,***-**-7342,CO
Mary,Lee,09/02/66,***-**-1358,WV
Andrew,Jennings,04/22/88,***-**-**60,CA
Ashley,Fernandez,09/14/90,***-**-6998,PA
Thomas,Kidd,12/12/82,***-**-7421,WV
Thomas,Shaffer,12/14/63,***-**-4522,FL
John,Douglas,09/26/75,***-**-6117,AR
Robert,Benitez,10/24/57,***-**-0167,IA
Micheal,Ramirez,07/31/85,***-**-3317,LA
Jennifer,Watson,09/10/89,***-**-6997,UT
Sarah,Mitchell,10/01/57,***-**-7146,NY
Erica,Moore,03/20/57,***-**-0654,MN
Michael,Pruitt,11/14/85,***-**-6561,WA
Jennifer,Johnson,04/15/80,***-**-5708,LA
Darrell,Moreno,11/30/80,***-**-7021,AK
Andrew,Barrett,08/16/59,***-**-1591,MT
Michael,Le,12/28/86,***-**-1535,NV
Ryan,Myers,07/09/73,***-**-0813,LA
Courtney,Rivera,01/18/61,***-**-8563,SD
Michelle,Parrish,05/26/63,***-**-8720,WV
Ronnie,Nash,06/05/59,***-**-**27,OH
Jesse,Jackson,08/11/73,***-**-7626,TX
Paula,Gilbert,07/13/69,***-**-6532,LA
Jared,Martin,04/05/77,***-**-3266,OK
Joshua,Massey,06/21/93,***-**-9713,NE
William,Martin,01/09/57,***-**-1042,AR
Ernest,Guzman,01/24/69,***-**-6904,RI
Lisa,Porter,07/28/62,***-**-0789,WI
Carlos,Diaz,06/25/72,***-**-9779,NE
Richard,Neal,12/08/76,***-**-4878,ID
Andres,Rivera,05/19/93,***-**-2760,PA
Nicole,Neal,03/23/68,***-**-7256,ND
Kimberly,Stephens,07/28/81,***-**-8363,AR
Erika,Dalton,03/23/90,***-**-6658,NJ
Catherine,Osborne,06/08/86,***-**-0018,OH
Amanda,Miller,10/08/90,***-**-0431,WV
Kristin,Johnson,05/18/80,***-**-1647,WV
William,Rush,10/26/80,***-**-4311,WA
Joe,Brown,03/13/94,***-**-9088,KS
Kimberly,Nelson,12/04/78,***-**-2012,AZ
Heather,Foster,01/07/59,***-**-8466,MO
Brandy,Lambert,09/06/82,***-**-8681,OH
Amy,Small,05/19/93,***-**-3612,NH
Christopher,Francis,10/31/82,***-**-**36,IA
Lorraine,Butler,10/13/81,***-**-1324,RI
Timothy,Scott,04/11/78,***-**-2563,WI
Adam,Leonard,05/14/82,***-**-3927,SD
Ashley,Baker,10/07/91,***-**-3210,WI
Carolyn,Owens,05/02/79,***-**-9140,CA
Michelle,Nolan,04/28/63,***-**-2978,CO
Thomas,Rose,06/19/79,***-**-6533,OR
Robert,Flores,04/17/73,***-**-1191,NE
Bryan,Whitehead,01/10/89,***-**-9651,NV
Michael,Decker,07/17/59,***-**-4721,TN
Taylor,Watson,09/17/86,***-**-5802,ME
Hannah,Richards,09/10/78,***-**-3709,MO
Haley,Sanchez,10/10/91,***-**-2490,VA
Cynthia,Gray,09/10/57,***-**-7826,GA
Elizabeth,May,04/07/87,***-**-5485,ND
Tracy,Miles,05/21/76,***-**-1924,NY
James,Herrera,04/27/58,***-**-6143,NM
Benjamin,Galvan,06/14/69,***-**-7125,OR
David,Choi,12/06/70,***-**-2416,GA
Jeffrey,Mccarty,02/27/90,***-**-9024,NC
Sherry,Monroe,05/18/85,***-**-3276,LA
Michael,Gonzalez,02/26/77,***-**-6500,NH
Darren,Harrell,03/06/62,***-**-5656,OR
Joseph,Long,07/31/81,***-**-2926,ND
Tammy,Curry,12/13/90,***-**-6118,CO
Anthony,Thomas,09/03/64,***-**-5389,TN
Rodney,Lawson,10/22/88,***-**-6989,NM
Steven,Gould,06/15/69,***-**-1538,MN
Austin,Cox,01/07/83,***-**-9405,LA
Shelly,Miller,04/30/62,***-**-5240,IL
Rachel,Pratt,12/05/66,***-**-4743,AR
John,Hill,01/07/92,***-**-7717,TX
Gerald,Hernandez,03/01/82,***-**-3648,CA
Donald,Richardson,05/25/69,***-**-2416,CA
Philip,Cannon,01/19/92,***-**-2516,CA
William,King,06/10/67,***-**-5590,AK
Lee,Reed,05/25/87,***-**-0149,OR
Veronica,Strickland,04/20/74,***-**-4151,NH
James,Gonzalez,01/07/65,***-**-2194,NC
Jacqueline,Ward,12/20/86,***-**-4524,NH
Jose,Johnson,05/22/67,***-**-2628,ND
Ronald,Smith,09/28/57,***-**-4374,DE
Katherine,King,09/26/63,***-**-6189,RI
Carla,Burnett,09/07/77,***-**-0943,CA
Evelyn,Bradley,06/18/57,***-**-0969,SC
Thomas,Jordan,02/17/58,***-**-2612,PA
Eric,Hernandez,06/03/59,***-**-8875,IL
Stephen,Hicks,10/23/66,***-**-6660,VT
Terri,Richardson,08/09/65,***-**-9746,IL
Charlotte,Evans,04/27/73,***-**-5916,PA
Jeffrey,Rose,07/25/59,***-**-3871,FL
Jeanne,Williams,12/10/64,***-**-6601,TX
Rebecca,Anderson,03/18/78,***-**-7809,MN
Jacob,Chavez,10/10/78,***-**-4084,PA
Richard,Nelson,11/04/92,***-**-1489,FL
Alison,Collins,09/10/91,***-**-8839,LA
Holly,Fox,08/11/85,***-**-3929,WY
Carolyn,Williams,03/01/78,***-**-7077,RI
Cathy,Cooper,02/15/94,***-**-8979,MT
Keith,Horn,12/13/88,***-**-3102,MI
Suzanne,Saunders,10/29/66,***-**-1282,GA
William,Molina,03/18/89,***-**-9180,AK
Steven,Stanton,12/09/93,***-**-0927,MO
Bryan,Stephens,05/01/91,***-**-9078,TX
Aaron,Allen,12/14/69,***-**-6459,HI
Gina,Hunt,08/12/86,***-**-3821,NV
Lori,Wilson,12/03/80,***-**-3755,IA
Kristi,Spencer,08/30/63,***-**-3145,NE
Michelle,Huffman,05/13/74,***-**-5948,AL
Valerie,Simmons,08/07/73,***-**-4323,AR
John,Medina,12/24/59,***-**-5244,GA
Denise,Ewing,09/02/74,***-**-5290,LA
Anna,Meyers,06/14/76,***-**-6602,AZ
Ashley,Bray,10/01/81,***-**-8804,WV
Gabrielle,Ochoa,12/02/69,***-**-5306,ME
Brandon,Dunn,11/29/73,***-**-4941,FL
Elizabeth,Chavez,12/04/60,***-**-2197,MI
Kyle,Rios,04/06/67,***-**-2992,WA
Jason,Hill,07/27/91,***-**-4407,IL
Kristen,Li,05/25/91,***-**-3025,MD
Charles,Simmons,10/19/72,***-**-4900,WA
Derek,Dixon,05/22/63,***-**-2196,AK
Sarah,Williams,07/30/92,***-**-0343,AK
Kaitlin,Costa,08/26/89,***-**-7674,VT
Matthew,Jones,11/30/89,***-**-0361,MA
Molly,Bennett,07/14/84,***-**-4164,MA
Bobby,Jones,02/15/68,***-**-1848,NH
Jennifer,Lewis,04/13/68,***-**-4353,ID
Brian,Wilson,02/14/63,***-**-0693,GA
Thomas,Graham,10/02/88,***-**-5911,MA
Deborah,Acosta,07/08/92,***-**-1988,ID
Mitchell,Cook,02/08/88,***-**-4451,PA
Amy,Jacobs,08/20/57,***-**-4913,RI
Kimberly,Williams,10/02/62,***-**-1474,OH
John,Williams,05/11/63,***-**-8882,MO
Bernard,Martinez,01/01/59,***-**-2910,SC
Allison,Walter,10/21/78,***-**-5582,WY
William,Boyle,05/25/86,***-**-3702,SD
Jessica,Howell,11/02/62,***-**-8142,WA
Christine,Anthony,01/18/89,***-**-0561,NY
Samuel,Jones,06/10/89,***-**-3255,CT
Kyle,Moore,09/18/70,***-**-5398,ND
Brittany,Vance,07/06/74,***-**-3913,TN
Laura,Jacobson,02/05/62,***-**-9901,WV
Erin,Briggs,02/25/87,***-**-6681,AR
Stephen,Smith,05/13/63,***-**-9670,MI
Douglas,Clark,03/10/82,***-**-7437,NV
Brandon,Oneal,01/08/85,***-**-1872,MI
Andrew,Baldwin,07/19/60,***-**-9735,MO
Anna,Schroeder,03/27/72,***-**-37**,KY
Valerie,Stone,01/07/94,***-**-8118,NE
Sean,Sanchez,11/29/63,***-**-1009,WI
Vanessa,Graham,09/21/72,***-**-1982,NY
Katherine,Anderson,09/26/88,***-**-8425,ME
Erica,Gonzalez,08/29/67,***-**-7362,NC
Stacy,Johnson,10/27/80,***-**-7345,FL
Kevin,Watts,06/20/57,***-**-3488,NH
Emily,Nguyen,11/27/60,***-**-6079,NV
Lynn,Hall,04/12/77,***-**-7857,OK
Gail,Johnson,06/06/90,***-**-3613,CT
Connie,Olsen,12/30/88,***-**-6860,OH
Michael,Church,11/27/59,***-**-5079,KY
Mike,Wilson,12/23/62,***-**-7316,MN
Crystal,Fisher,11/10/72,***-**-9745,ID
Charles,Duncan,02/14/80,***-**-9851,NC
Roy,Perkins,10/10/88,***-**-8096,FL
Dustin,Jackson,01/06/79,***-**-2345,HI
Laura,Contreras,05/17/62,***-**-6546,WY
Timothy,Morton,07/02/93,***-**-3871,SD
John,Morrison,01/10/84,***-**-4470,MA
Joseph,Wood,11/02/57,***-**-5341,FL
Oscar,Romero,03/08/87,***-**-5634,IL
Shannon,Wilson,11/19/69,***-**-3974,UT
James,Armstrong,07/23/75,***-**-4550,ND
Ronnie,Ellison,04/22/80,***-**-2267,WA
Joshua,Wilcox,09/27/86,***-**-7150,OK
Bryan,Rocha,02/03/64,***-**-8996,AZ
Matthew,Flynn,10/05/57,***-**-1385,VA
Amanda,Turner,12/28/60,***-**-7060,MN
Steven,White,03/05/59,***-**-4892,MA
Andrea,Berry,02/14/89,***-**-6290,AL
Shawn,Burke,01/01/60,***-**-9071,CA
Rhonda,Wilson,01/08/87,***-**-0832,VT
Jay,Hart,05/14/63,***-**-6255,CT
Ashley,Martinez,04/13/86,***-**-5385,NV
Elizabeth,Johnston,08/03/74,***-**-2936,IL
Andrew,Acevedo,06/29/91,***-**-6963,MT
Michelle,Lynch,03/28/72,***-**-8040,PA
Cristian,Gibbs,02/08/63,***-**-9478,CT
